-- phpMyAdmin SQL Dump
-- version 4.9.5
-- https://www.phpmyadmin.net/
--
-- Host: localhost:3306
-- Generation Time: May 05, 2021 at 02:54 PM
-- Server version: 5.7.34
-- PHP Version: 7.3.27

SET SQL_MODE = "NO_AUTO_VALUE_ON_ZERO";
SET AUTOCOMMIT = 0;
START TRANSACTION;
SET time_zone = "+00:00";


/*!40101 SET @OLD_CHARACTER_SET_CLIENT=@@CHARACTER_SET_CLIENT */;
/*!40101 SET @OLD_CHARACTER_SET_RESULTS=@@CHARACTER_SET_RESULTS */;
/*!40101 SET @OLD_COLLATION_CONNECTION=@@COLLATION_CONNECTION */;
/*!40101 SET NAMES utf8mb4 */;

--
-- Database: `tolosoft_water`
--

-- --------------------------------------------------------

--
-- Table structure for table `accessories_lists`
--

CREATE TABLE `accessories_lists` (
  `id` bigint(20) UNSIGNED NOT NULL,
  `accessories_type_id` bigint(20) UNSIGNED DEFAULT NULL,
  `name` varchar(255) COLLATE utf8mb4_unicode_ci NOT NULL,
  `model` varchar(255) COLLATE utf8mb4_unicode_ci NOT NULL,
  `uom_id` bigint(20) UNSIGNED NOT NULL,
  `uom_name` varchar(100) COLLATE utf8mb4_unicode_ci NOT NULL,
  `min_quantity` int(11) NOT NULL,
  `max_quantity` int(11) NOT NULL,
  `discription` varchar(255) COLLATE utf8mb4_unicode_ci DEFAULT NULL,
  `image` varchar(255) COLLATE utf8mb4_unicode_ci DEFAULT NULL,
  `data_sheet` varchar(255) COLLATE utf8mb4_unicode_ci DEFAULT '',
  `created_at` timestamp NULL DEFAULT NULL,
  `updated_at` timestamp NULL DEFAULT NULL
) ENGINE=InnoDB DEFAULT CHARSET=utf8mb4 COLLATE=utf8mb4_unicode_ci;

--
-- Dumping data for table `accessories_lists`
--

INSERT INTO `accessories_lists` (`id`, `accessories_type_id`, `name`, `model`, `uom_id`, `uom_name`, `min_quantity`, `max_quantity`, `discription`, `image`, `data_sheet`, `created_at`, `updated_at`) VALUES
(14, NULL, 'Float switch', 'Mechanical', 1, 'Meter', 1, 1, 'null', '1620047609.jpeg', '0', '2021-05-03 07:43:29', '2021-05-03 07:43:29'),
(15, NULL, 'PV disconnect switch', 'IP54', 2, 'Piece', 1, 10, 'null', '1620047736.jpeg', '0', '2021-05-03 07:45:36', '2021-05-03 07:45:36'),
(16, NULL, 'PV combiner box', 'IP20', 5, 'Box', 1, 10, 'null', '1620047891.jpeg', '0', '2021-05-03 07:48:11', '2021-05-03 07:48:11'),
(17, NULL, 'Inverter box', 'IP20', 1, 'Meter', 1, 1, 'null', '1620047943.jpeg', '0', '2021-05-03 07:49:03', '2021-05-03 07:49:03'),
(18, NULL, 'Grounding rod', 'Copper', 6, 'Set', 1, 1, 'null', '0', '0', '2021-05-03 07:51:52', '2021-05-03 07:51:52'),
(19, NULL, 'Pressure Gauge', '16Bar', 2, 'Piece', 1, 10, 'null', '1620048182.jpeg', '0', '2021-05-03 07:53:02', '2021-05-03 07:53:02'),
(20, NULL, 'Water meter', 'Residential', 2, 'Piece', 1, 10000, 'null', '1620048233.jpeg', '0', '2021-05-03 07:53:53', '2021-05-03 07:53:53'),
(21, NULL, 'water meter', 'Main', 2, 'Piece', 1, 1, 'null', '1620048296.jpeg', '0', '2021-05-03 07:54:56', '2021-05-03 07:54:56'),
(22, NULL, 'Conduct pipe', 'Flexible', 1, 'Meter', 1, 10000, 'null', '1620048351.jpeg', '0', '2021-05-03 07:55:51', '2021-05-03 07:55:51'),
(23, NULL, 'Conduct pipe', 'EMT', 1, 'Meter', 1, 10000, 'null', '1620048386.jpeg', '0', '2021-05-03 07:56:26', '2021-05-03 07:56:26'),
(24, NULL, 'Cable splice kit', 'IP68', 6, 'Set', 1, 10, 'null', '1620048496.jpeg', '0', '2021-05-03 07:58:16', '2021-05-03 07:58:16'),
(25, NULL, 'Cable splice kit', 'IP68', 6, 'Set', 1, 10, 'null', '0', '0', '2021-05-03 07:59:34', '2021-05-03 07:59:34'),
(26, NULL, 'Cable tie', 'plastic', 5, 'Box', 1, 10, 'null', '1620048619.jpeg', '0', '2021-05-03 08:00:19', '2021-05-03 08:00:19'),
(27, NULL, 'Pipe clip', 'for well', 7, 'Pairs', 1, 1, 'null', '1620048689.jpeg', '0', '2021-05-03 08:01:29', '2021-05-03 08:01:29'),
(29, NULL, 'safety rope', 'plastic', 1, 'Meter', 1, 10000, 'null', '1620048770.jpeg', '0', '2021-05-03 08:02:50', '2021-05-03 08:02:50'),
(30, NULL, 'Well probe sensors', 'Electronic', 6, 'Set', 1, 1, 'null', '1620048835.jpeg', '0', '2021-05-03 08:03:55', '2021-05-03 08:03:55'),
(31, NULL, 'Earthing Cable', '1*16mm2', 1, 'Meter', 1, 1000, 'null', '1620048878.jpeg', '0', '2021-05-03 08:04:38', '2021-05-03 08:04:38'),
(32, NULL, 'cable 2*1.5mm2', 'for sensors', 1, 'Meter', 1, 250, 'null', '1620048925.jpeg', '0', '2021-05-03 08:05:26', '2021-05-03 08:05:26'),
(33, NULL, 'Pump fitings', 'poly ethylene', 6, 'Set', 1, 1, 'null', '1620049041.jpeg', '0', '2021-05-03 08:07:21', '2021-05-03 08:07:21'),
(34, NULL, 'AC breaker', '63A', 1, 'Meter', 1, 100, 'null', '1620049078.jpeg', '0', '2021-05-03 08:07:58', '2021-05-03 08:07:58');

-- --------------------------------------------------------

--
-- Table structure for table `accessories_types`
--

CREATE TABLE `accessories_types` (
  `id` bigint(20) UNSIGNED NOT NULL,
  `name` varchar(255) COLLATE utf8mb4_unicode_ci NOT NULL,
  `created_at` timestamp NULL DEFAULT NULL,
  `updated_at` timestamp NULL DEFAULT NULL
) ENGINE=InnoDB DEFAULT CHARSET=utf8mb4 COLLATE=utf8mb4_unicode_ci;

--
-- Dumping data for table `accessories_types`
--

INSERT INTO `accessories_types` (`id`, `name`, `created_at`, `updated_at`) VALUES
(8, 'Cable', '2021-04-16 05:35:50', '2021-04-16 05:35:50'),
(10, 'Pipe', '2021-04-16 05:36:14', '2021-04-16 05:36:14'),
(11, 'Services', '2021-04-16 05:36:56', '2021-04-16 05:36:56'),
(12, 'Accessories', '2021-04-16 05:37:16', '2021-04-16 05:37:16');

-- --------------------------------------------------------

--
-- Table structure for table `cable_types`
--

CREATE TABLE `cable_types` (
  `id` bigint(20) UNSIGNED NOT NULL,
  `name` varchar(255) COLLATE utf8mb4_unicode_ci NOT NULL,
  `created_at` timestamp NULL DEFAULT NULL,
  `updated_at` timestamp NULL DEFAULT NULL
) ENGINE=InnoDB DEFAULT CHARSET=utf8mb4 COLLATE=utf8mb4_unicode_ci;

--
-- Dumping data for table `cable_types`
--

INSERT INTO `cable_types` (`id`, `name`, `created_at`, `updated_at`) VALUES
(35, '4*2.5mm2', '2021-04-15 04:10:15', '2021-04-15 04:10:15'),
(36, '4*4mm2', '2021-04-15 04:10:29', '2021-04-15 04:10:29'),
(37, '4*6mm2', '2021-04-15 04:10:41', '2021-04-15 04:10:41'),
(38, '4*10mm2', '2021-04-15 04:10:45', '2021-04-15 04:10:45'),
(39, '4*16mm2', '2021-04-15 04:10:54', '2021-04-15 04:10:54'),
(40, '4*25mm2', '2021-04-15 04:11:11', '2021-04-15 04:11:11'),
(41, '4*35mm2', '2021-04-15 04:11:19', '2021-04-15 04:11:19'),
(42, '4*50mm2', '2021-04-15 04:11:23', '2021-04-15 04:11:23'),
(43, '2*6mm2', '2021-04-15 07:10:45', '2021-04-15 07:10:45'),
(44, '4*70mm2', '2021-05-04 01:39:15', '2021-05-04 01:39:15');

-- --------------------------------------------------------

--
-- Table structure for table `config_invertors`
--

CREATE TABLE `config_invertors` (
  `id` bigint(20) UNSIGNED NOT NULL,
  `power` varchar(255) COLLATE utf8mb4_unicode_ci DEFAULT NULL,
  `invertor_list_id` bigint(20) UNSIGNED DEFAULT NULL,
  `created_at` timestamp NULL DEFAULT NULL,
  `updated_at` timestamp NULL DEFAULT NULL
) ENGINE=InnoDB DEFAULT CHARSET=utf8mb4 COLLATE=utf8mb4_unicode_ci;

--
-- Dumping data for table `config_invertors`
--

INSERT INTO `config_invertors` (`id`, `power`, `invertor_list_id`, `created_at`, `updated_at`) VALUES
(7, '1.5', 1, '2021-04-29 21:54:39', '2021-04-29 21:54:39'),
(8, '22', 1, '2021-04-29 21:54:39', '2021-04-29 21:54:39'),
(9, '60', 1, '2021-04-29 21:54:39', '2021-04-29 21:54:39');

-- --------------------------------------------------------

--
-- Table structure for table `config_pumps`
--

CREATE TABLE `config_pumps` (
  `id` bigint(20) UNSIGNED NOT NULL,
  `min_head` int(11) DEFAULT NULL,
  `max_head` int(11) DEFAULT NULL,
  `min_discharge` int(11) DEFAULT NULL,
  `max_discharge` int(11) DEFAULT NULL,
  `min_cable_length` int(11) DEFAULT NULL,
  `max_cable_length` int(11) DEFAULT NULL,
  `pump_list_id` bigint(20) UNSIGNED NOT NULL,
  `cable_type_id` bigint(20) UNSIGNED NOT NULL,
  `created_at` timestamp NULL DEFAULT NULL,
  `updated_at` timestamp NULL DEFAULT NULL
) ENGINE=InnoDB DEFAULT CHARSET=utf8mb4 COLLATE=utf8mb4_unicode_ci;

--
-- Dumping data for table `config_pumps`
--

INSERT INTO `config_pumps` (`id`, `min_head`, `max_head`, `min_discharge`, `max_discharge`, `min_cable_length`, `max_cable_length`, `pump_list_id`, `cable_type_id`, `created_at`, `updated_at`) VALUES
(19, 1, 60, 2, 3, 0, 100, 5, 35, '2021-04-15 04:22:53', '2021-04-15 04:22:53'),
(20, 1, 60, 2, 3, 100, 200, 5, 36, '2021-04-15 04:22:53', '2021-04-15 04:22:53'),
(21, 60, 100, 2, 3, 0, 100, 7, 35, '2021-04-15 04:24:46', '2021-04-15 04:24:46'),
(22, 60, 100, 2, 3, 100, 200, 7, 36, '2021-04-15 04:24:46', '2021-04-15 04:24:46'),
(23, 100, 140, 2, 3, 0, 100, 8, 35, '2021-04-15 04:27:04', '2021-04-15 04:27:04'),
(24, 100, 140, 2, 3, 100, 200, 8, 36, '2021-04-15 04:27:04', '2021-04-15 04:27:04'),
(25, 100, 140, 2, 3, 200, 300, 8, 37, '2021-04-15 04:27:04', '2021-04-15 04:27:04'),
(26, 140, 200, 2, 3, 0, 150, 9, 36, '2021-04-15 04:29:42', '2021-04-15 04:29:42'),
(27, 140, 200, 2, 3, 150, 300, 9, 37, '2021-04-15 04:29:42', '2021-04-15 04:29:42'),
(28, 0, 40, 3, 5, 0, 100, 10, 35, '2021-04-15 04:31:17', '2021-04-15 04:31:17'),
(29, 0, 40, 3, 5, 100, 200, 10, 36, '2021-04-15 04:31:17', '2021-04-15 04:31:17'),
(30, 40, 70, 3, 5, 0, 100, 11, 35, '2021-04-15 04:33:07', '2021-04-15 04:33:07'),
(31, 40, 70, 3, 5, 100, 200, 11, 36, '2021-04-15 04:33:07', '2021-04-15 04:33:07'),
(32, 40, 70, 3, 5, 200, 300, 11, 37, '2021-04-15 04:33:07', '2021-04-15 04:33:07'),
(33, 70, 90, 3, 5, 0, 100, 12, 35, '2021-04-15 04:34:35', '2021-04-15 04:34:35'),
(34, 70, 90, 3, 5, 100, 200, 12, 36, '2021-04-15 04:34:35', '2021-04-15 04:34:35'),
(35, 70, 90, 3, 5, 200, 300, 12, 37, '2021-04-15 04:34:35', '2021-04-15 04:34:35'),
(36, 90, 130, 3, 5, 0, 100, 13, 36, '2021-04-15 04:36:53', '2021-04-15 04:36:53'),
(37, 90, 130, 3, 5, 100, 200, 13, 37, '2021-04-15 04:36:53', '2021-04-15 04:36:53'),
(38, 90, 130, 3, 5, 200, 300, 13, 38, '2021-04-15 04:36:53', '2021-04-15 04:36:53'),
(39, 130, 175, 3, 5, 0, 100, 14, 36, '2021-04-15 04:38:25', '2021-04-15 04:38:25'),
(40, 130, 175, 3, 5, 100, 200, 14, 37, '2021-04-15 04:38:25', '2021-04-15 04:38:25'),
(41, 130, 175, 3, 5, 200, 300, 14, 38, '2021-04-15 04:38:25', '2021-04-15 04:38:25'),
(42, 175, 230, 3, 5, 0, 150, 15, 36, '2021-04-15 04:40:13', '2021-04-15 04:40:13'),
(43, 175, 230, 3, 5, 150, 250, 15, 37, '2021-04-15 04:40:13', '2021-04-15 04:40:13'),
(44, 175, 230, 3, 5, 250, 400, 15, 38, '2021-04-15 04:40:13', '2021-04-15 04:40:13'),
(45, 0, 30, 5, 7, 0, 100, 17, 35, '2021-04-15 04:58:37', '2021-04-15 04:58:37'),
(46, 0, 30, 5, 7, 100, 200, 17, 36, '2021-04-15 04:58:37', '2021-04-15 04:58:37'),
(49, 30, 45, 5, 7, 0, 100, 51, 35, '2021-04-15 05:04:00', '2021-04-15 05:04:00'),
(50, 30, 45, 5, 7, 100, 200, 51, 36, '2021-04-15 05:04:00', '2021-04-15 05:04:00'),
(51, 45, 60, 5, 7, 0, 100, 18, 35, '2021-04-15 05:05:37', '2021-04-15 05:05:37'),
(52, 45, 60, 5, 7, 100, 200, 18, 36, '2021-04-15 05:05:37', '2021-04-15 05:05:37'),
(53, 60, 75, 5, 7, 0, 100, 19, 36, '2021-04-15 05:07:40', '2021-04-15 05:07:40'),
(54, 60, 75, 5, 7, 100, 200, 19, 37, '2021-04-15 05:07:40', '2021-04-15 05:07:40'),
(55, 60, 75, 5, 7, 200, 300, 19, 38, '2021-04-15 05:07:40', '2021-04-15 05:07:40'),
(56, 75, 100, 5, 7, 0, 100, 20, 36, '2021-04-15 05:09:08', '2021-04-15 05:09:08'),
(57, 75, 100, 5, 7, 100, 200, 20, 37, '2021-04-15 05:09:08', '2021-04-15 05:09:08'),
(58, 75, 100, 5, 7, 200, 300, 20, 38, '2021-04-15 05:09:08', '2021-04-15 05:09:08'),
(59, 100, 135, 5, 7, 0, 100, 21, 36, '2021-04-15 05:10:42', '2021-04-15 05:10:42'),
(60, 100, 135, 5, 7, 100, 200, 21, 37, '2021-04-15 05:10:42', '2021-04-15 05:10:42'),
(61, 100, 135, 5, 7, 200, 300, 21, 38, '2021-04-15 05:10:42', '2021-04-15 05:10:42'),
(62, 135, 170, 5, 7, 0, 100, 22, 36, '2021-04-15 05:12:44', '2021-04-15 05:12:44'),
(63, 135, 170, 5, 7, 100, 200, 22, 37, '2021-04-15 05:12:44', '2021-04-15 05:12:44'),
(64, 135, 170, 5, 7, 200, 300, 22, 38, '2021-04-15 05:12:44', '2021-04-15 05:12:44'),
(65, 135, 170, 5, 7, 300, 400, 22, 39, '2021-04-15 05:12:44', '2021-04-15 05:12:44'),
(66, 0, 20, 7, 9, 0, 100, 24, 35, '2021-04-15 05:15:20', '2021-04-15 05:15:20'),
(67, 0, 20, 7, 9, 100, 200, 24, 36, '2021-04-15 05:15:20', '2021-04-15 05:15:20'),
(68, 20, 30, 7, 9, 0, 100, 25, 35, '2021-04-15 05:16:26', '2021-04-15 05:16:26'),
(69, 20, 30, 7, 9, 100, 200, 25, 36, '2021-04-15 05:16:26', '2021-04-15 05:16:26'),
(70, 30, 40, 7, 9, 0, 100, 26, 35, '2021-04-15 05:18:02', '2021-04-15 05:18:02'),
(71, 30, 40, 7, 9, 100, 200, 26, 36, '2021-04-15 05:18:02', '2021-04-15 05:18:02'),
(72, 40, 60, 7, 9, 0, 100, 27, 36, '2021-04-15 05:19:43', '2021-04-15 05:19:43'),
(73, 40, 60, 7, 9, 100, 200, 27, 37, '2021-04-15 05:19:43', '2021-04-15 05:19:43'),
(74, 40, 60, 7, 9, 200, 300, 27, 38, '2021-04-15 05:19:43', '2021-04-15 05:19:43'),
(75, 60, 90, 7, 9, 0, 100, 28, 36, '2021-04-15 05:21:33', '2021-04-15 05:21:33'),
(76, 60, 90, 7, 9, 100, 200, 28, 37, '2021-04-15 05:21:33', '2021-04-15 05:21:33'),
(77, 60, 90, 7, 9, 200, 300, 28, 38, '2021-04-15 05:21:33', '2021-04-15 05:21:33'),
(78, 90, 120, 7, 9, 0, 100, 29, 36, '2021-04-15 05:22:50', '2021-04-15 05:22:50'),
(79, 90, 120, 7, 9, 100, 200, 29, 37, '2021-04-15 05:22:50', '2021-04-15 05:22:50'),
(80, 90, 120, 7, 9, 200, 300, 29, 37, '2021-04-15 05:22:50', '2021-04-15 05:22:50'),
(81, 120, 150, 7, 9, 0, 100, 30, 36, '2021-04-15 05:24:32', '2021-04-15 05:24:32'),
(82, 120, 150, 7, 9, 100, 200, 30, 37, '2021-04-15 05:24:32', '2021-04-15 05:24:32'),
(83, 120, 150, 7, 9, 200, 300, 30, 38, '2021-04-15 05:24:32', '2021-04-15 05:24:32'),
(84, 120, 150, 7, 9, 300, 400, 30, 39, '2021-04-15 05:24:32', '2021-04-15 05:24:32'),
(85, 150, 220, 7, 9, 0, 100, 31, 37, '2021-04-15 05:26:44', '2021-04-15 05:26:44'),
(86, 150, 220, 7, 9, 100, 200, 31, 38, '2021-04-15 05:26:44', '2021-04-15 05:26:44'),
(87, 150, 220, 7, 9, 200, 300, 31, 39, '2021-04-15 05:26:44', '2021-04-15 05:26:44'),
(88, 150, 220, 7, 9, 300, 400, 31, 40, '2021-04-15 05:26:44', '2021-04-15 05:26:44'),
(89, 0, 20, 9, 12, 0, 100, 32, 35, '2021-04-15 05:29:52', '2021-04-15 05:29:52'),
(90, 0, 20, 9, 12, 100, 200, 32, 36, '2021-04-15 05:29:52', '2021-04-15 05:29:52'),
(91, 20, 30, 9, 12, 0, 100, 33, 35, '2021-04-15 05:31:04', '2021-04-15 05:31:04'),
(92, 20, 30, 9, 12, 100, 200, 33, 36, '2021-04-15 05:31:04', '2021-04-15 05:31:04'),
(93, 30, 40, 9, 12, 0, 100, 34, 36, '2021-04-15 05:32:39', '2021-04-15 05:32:39'),
(94, 30, 40, 9, 12, 100, 200, 34, 37, '2021-04-15 05:32:39', '2021-04-15 05:32:39'),
(95, 30, 40, 9, 12, 200, 300, 34, 38, '2021-04-15 05:32:39', '2021-04-15 05:32:39'),
(96, 40, 60, 9, 12, 0, 100, 35, 36, '2021-04-15 05:33:55', '2021-04-15 05:33:55'),
(97, 40, 60, 9, 12, 100, 200, 35, 37, '2021-04-15 05:33:55', '2021-04-15 05:33:55'),
(98, 40, 60, 9, 12, 200, 300, 35, 38, '2021-04-15 05:33:55', '2021-04-15 05:33:55'),
(99, 60, 90, 9, 12, 0, 100, 36, 36, '2021-04-15 05:35:08', '2021-04-15 05:35:08'),
(100, 60, 90, 9, 12, 100, 200, 36, 37, '2021-04-15 05:35:08', '2021-04-15 05:35:08'),
(101, 60, 90, 9, 12, 200, 300, 36, 38, '2021-04-15 05:35:08', '2021-04-15 05:35:08'),
(102, 60, 90, 9, 12, 300, 400, 36, 39, '2021-04-15 05:35:08', '2021-04-15 05:35:08'),
(103, 90, 120, 9, 12, 0, 100, 37, 36, '2021-04-15 05:36:57', '2021-04-15 05:36:57'),
(104, 90, 120, 9, 12, 100, 200, 37, 37, '2021-04-15 05:36:57', '2021-04-15 05:36:57'),
(105, 90, 120, 9, 12, 200, 300, 37, 38, '2021-04-15 05:36:57', '2021-04-15 05:36:57'),
(106, 90, 120, 9, 12, 300, 400, 37, 39, '2021-04-15 05:36:57', '2021-04-15 05:36:57'),
(107, 120, 160, 9, 12, 0, 100, 38, 37, '2021-04-15 05:38:22', '2021-04-15 05:38:22'),
(108, 120, 160, 9, 12, 100, 200, 38, 38, '2021-04-15 05:38:22', '2021-04-15 05:38:22'),
(109, 120, 160, 9, 12, 200, 300, 38, 39, '2021-04-15 05:38:22', '2021-04-15 05:38:22'),
(110, 120, 160, 9, 12, 300, 400, 38, 40, '2021-04-15 05:38:22', '2021-04-15 05:38:22'),
(111, 0, 30, 12, 14, 0, 100, 39, 35, '2021-04-15 05:41:04', '2021-04-15 05:41:04'),
(112, 0, 30, 12, 14, 100, 200, 39, 36, '2021-04-15 05:41:04', '2021-04-15 05:41:04'),
(113, 30, 40, 12, 14, 0, 100, 40, 35, '2021-04-15 05:42:04', '2021-04-15 05:42:04'),
(114, 30, 40, 12, 14, 100, 200, 40, 36, '2021-04-15 05:42:04', '2021-04-15 05:42:04'),
(115, 40, 50, 12, 14, 0, 100, 41, 36, '2021-04-15 05:43:17', '2021-04-15 05:43:17'),
(116, 40, 50, 12, 14, 100, 200, 41, 37, '2021-04-15 05:43:17', '2021-04-15 05:43:17'),
(117, 50, 70, 12, 14, 0, 100, 42, 36, '2021-04-15 05:44:28', '2021-04-15 05:44:28'),
(118, 50, 70, 12, 14, 100, 200, 42, 37, '2021-04-15 05:44:28', '2021-04-15 05:44:28'),
(119, 50, 70, 12, 14, 200, 300, 42, 38, '2021-04-15 05:44:28', '2021-04-15 05:44:28'),
(120, 70, 100, 12, 14, 0, 100, 43, 36, '2021-04-15 05:45:37', '2021-04-15 05:45:37'),
(121, 70, 100, 12, 14, 100, 200, 43, 37, '2021-04-15 05:45:37', '2021-04-15 05:45:37'),
(122, 70, 100, 12, 14, 200, 300, 43, 38, '2021-04-15 05:45:37', '2021-04-15 05:45:37'),
(123, 100, 130, 12, 14, 0, 100, 44, 37, '2021-04-15 05:46:54', '2021-04-15 05:46:54'),
(124, 100, 130, 12, 14, 100, 200, 44, 38, '2021-04-15 05:46:54', '2021-04-15 05:46:54'),
(125, 100, 130, 12, 14, 200, 300, 44, 39, '2021-04-15 05:46:54', '2021-04-15 05:46:54'),
(126, 0, 20, 14, 18, 0, 100, 45, 35, '2021-04-15 05:48:45', '2021-04-15 05:48:45'),
(127, 0, 20, 14, 18, 100, 200, 45, 36, '2021-04-15 05:48:45', '2021-04-15 05:48:45'),
(128, 20, 30, 14, 18, 0, 100, 46, 35, '2021-04-15 05:50:24', '2021-04-15 05:50:24'),
(129, 20, 30, 14, 18, 100, 200, 46, 36, '2021-04-15 05:50:24', '2021-04-15 05:50:24'),
(130, 30, 40, 14, 18, 0, 100, 47, 35, '2021-04-15 05:51:52', '2021-04-15 05:51:52'),
(131, 30, 40, 14, 18, 100, 200, 47, 36, '2021-04-15 05:51:52', '2021-04-15 05:51:52'),
(132, 30, 40, 14, 18, 200, 300, 47, 37, '2021-04-15 05:51:52', '2021-04-15 05:51:52'),
(133, 40, 50, 14, 18, 0, 100, 48, 36, '2021-04-15 05:55:23', '2021-04-15 05:55:23'),
(134, 40, 50, 14, 18, 100, 200, 48, 37, '2021-04-15 05:55:23', '2021-04-15 05:55:23'),
(135, 40, 50, 14, 18, 200, 300, 48, 38, '2021-04-15 05:55:23', '2021-04-15 05:55:23'),
(136, 50, 70, 14, 18, 0, 100, 49, 37, '2021-04-15 05:57:09', '2021-04-15 05:57:09'),
(137, 50, 70, 14, 18, 100, 200, 49, 38, '2021-04-15 05:57:09', '2021-04-15 05:57:09'),
(138, 50, 70, 14, 18, 200, 300, 49, 39, '2021-04-15 05:57:09', '2021-04-15 05:57:09'),
(139, 70, 100, 14, 18, 0, 100, 50, 37, '2021-04-15 05:58:14', '2021-04-15 05:58:14'),
(140, 70, 100, 14, 18, 100, 200, 50, 38, '2021-04-15 05:58:14', '2021-04-15 05:58:14'),
(141, 70, 100, 14, 18, 200, 300, 50, 39, '2021-04-15 05:58:14', '2021-04-15 05:58:14'),
(142, 0, 40, 18, 24, 0, 100, 52, 36, '2021-04-15 06:00:13', '2021-04-15 06:00:13'),
(143, 0, 40, 18, 24, 100, 200, 52, 37, '2021-04-15 06:00:13', '2021-04-15 06:00:13'),
(144, 40, 60, 18, 24, 0, 100, 53, 36, '2021-04-15 06:01:33', '2021-04-15 06:01:33'),
(145, 40, 60, 18, 24, 100, 200, 53, 37, '2021-04-15 06:01:33', '2021-04-15 06:01:33'),
(146, 60, 90, 18, 24, 0, 100, 54, 37, '2021-04-15 06:04:01', '2021-04-15 06:04:01'),
(147, 60, 90, 18, 24, 100, 200, 54, 38, '2021-04-15 06:04:01', '2021-04-15 06:04:01'),
(148, 60, 90, 18, 24, 200, 300, 54, 39, '2021-04-15 06:04:01', '2021-04-15 06:04:01'),
(149, 90, 130, 18, 24, 0, 100, 55, 37, '2021-04-15 06:05:22', '2021-04-15 06:05:22'),
(150, 90, 130, 18, 24, 100, 200, 55, 38, '2021-04-15 06:05:22', '2021-04-15 06:05:22'),
(151, 90, 130, 18, 24, 200, 300, 55, 39, '2021-04-15 06:05:22', '2021-04-15 06:05:22'),
(152, 130, 160, 18, 24, 0, 100, 56, 38, '2021-04-15 06:06:45', '2021-04-15 06:06:45'),
(153, 130, 160, 18, 24, 100, 200, 56, 39, '2021-04-15 06:06:45', '2021-04-15 06:06:45'),
(154, 130, 160, 18, 24, 200, 300, 56, 40, '2021-04-15 06:06:45', '2021-04-15 06:06:45'),
(155, 160, 200, 18, 24, 0, 100, 57, 38, '2021-04-15 06:08:00', '2021-04-15 06:08:00'),
(156, 160, 200, 18, 24, 100, 200, 57, 39, '2021-04-15 06:08:00', '2021-04-15 06:08:00'),
(157, 160, 200, 18, 24, 200, 300, 57, 39, '2021-04-15 06:08:00', '2021-04-15 06:08:00'),
(158, 0, 40, 24, 32, 0, 100, 59, 36, '2021-04-15 06:11:07', '2021-04-15 06:11:07'),
(159, 0, 40, 24, 32, 100, 200, 59, 37, '2021-04-15 06:11:07', '2021-04-15 06:11:07'),
(160, 40, 50, 24, 32, 0, 100, 60, 36, '2021-04-15 06:12:12', '2021-04-15 06:12:12'),
(161, 40, 50, 24, 32, 100, 200, 60, 37, '2021-04-15 06:12:12', '2021-04-15 06:12:12'),
(162, 50, 70, 24, 32, 0, 100, 61, 37, '2021-04-15 06:13:24', '2021-04-15 06:13:24'),
(163, 50, 70, 24, 32, 100, 200, 61, 38, '2021-04-15 06:13:24', '2021-04-15 06:13:24'),
(164, 50, 70, 24, 32, 200, 300, 61, 39, '2021-04-15 06:13:24', '2021-04-15 06:13:24'),
(165, 70, 100, 24, 32, 0, 100, 63, 37, '2021-04-15 06:14:51', '2021-04-15 06:14:51'),
(166, 70, 100, 24, 32, 100, 200, 63, 38, '2021-04-15 06:14:51', '2021-04-15 06:14:51'),
(167, 70, 100, 24, 32, 200, 300, 63, 38, '2021-04-15 06:14:51', '2021-04-15 06:14:51'),
(168, 100, 140, 24, 32, 0, 100, 64, 38, '2021-04-15 06:16:05', '2021-04-15 06:16:05'),
(169, 100, 140, 24, 32, 100, 200, 64, 39, '2021-04-15 06:16:05', '2021-04-15 06:16:05'),
(170, 100, 140, 24, 32, 200, 300, 64, 40, '2021-04-15 06:16:05', '2021-04-15 06:16:05'),
(171, 140, 170, 24, 32, 0, 100, 65, 38, '2021-04-15 06:17:36', '2021-04-15 06:17:36'),
(172, 140, 170, 24, 32, 100, 200, 65, 39, '2021-04-15 06:17:36', '2021-04-15 06:17:36'),
(173, 140, 170, 24, 32, 200, 300, 65, 40, '2021-04-15 06:17:36', '2021-04-15 06:17:36'),
(177, 170, 200, 24, 32, 0, 100, 66, 39, '2021-04-15 06:20:07', '2021-04-15 06:20:07'),
(178, 170, 200, 24, 32, 100, 200, 66, 40, '2021-04-15 06:20:07', '2021-04-15 06:20:07'),
(179, 170, 200, 24, 32, 200, 300, 66, 41, '2021-04-15 06:20:07', '2021-04-15 06:20:07'),
(180, 170, 200, 24, 32, 300, 400, 66, 42, '2021-04-15 06:20:07', '2021-04-15 06:20:07'),
(181, 0, 30, 32, 42, 0, 100, 68, 36, '2021-04-15 06:24:43', '2021-04-15 06:24:43'),
(182, 0, 30, 32, 42, 100, 200, 68, 37, '2021-04-15 06:24:43', '2021-04-15 06:24:43'),
(183, 0, 30, 32, 42, 200, 300, 68, 38, '2021-04-15 06:24:43', '2021-04-15 06:24:43'),
(184, 30, 40, 32, 42, 0, 100, 69, 36, '2021-04-15 06:55:19', '2021-04-15 06:55:19'),
(185, 30, 40, 32, 42, 100, 200, 69, 37, '2021-04-15 06:55:19', '2021-04-15 06:55:19'),
(186, 40, 50, 32, 42, 0, 100, 70, 37, '2021-04-15 06:57:13', '2021-04-15 06:57:13'),
(187, 40, 50, 32, 42, 100, 200, 70, 38, '2021-04-15 06:57:13', '2021-04-15 06:57:13'),
(188, 40, 50, 32, 42, 200, 300, 70, 39, '2021-04-15 06:57:13', '2021-04-15 06:57:13'),
(189, 50, 70, 32, 42, 0, 100, 71, 37, '2021-04-15 06:59:03', '2021-04-15 06:59:03'),
(190, 50, 70, 32, 42, 100, 200, 71, 38, '2021-04-15 06:59:03', '2021-04-15 06:59:03'),
(191, 50, 70, 32, 42, 200, 300, 71, 39, '2021-04-15 06:59:03', '2021-04-15 06:59:03'),
(192, 50, 70, 32, 42, 300, 400, 71, 40, '2021-04-15 06:59:03', '2021-04-15 06:59:03'),
(193, 70, 90, 32, 42, 0, 100, 72, 38, '2021-04-15 07:01:57', '2021-04-15 07:01:57'),
(194, 70, 90, 32, 42, 100, 200, 72, 39, '2021-04-15 07:01:57', '2021-04-15 07:01:57'),
(195, 70, 90, 32, 42, 200, 300, 72, 40, '2021-04-15 07:01:57', '2021-04-15 07:01:57'),
(196, 70, 90, 32, 42, 300, 400, 72, 41, '2021-04-15 07:01:57', '2021-04-15 07:01:57'),
(197, 90, 120, 32, 42, 0, 100, 73, 38, '2021-04-15 07:03:33', '2021-04-15 07:03:33'),
(198, 90, 120, 32, 42, 100, 200, 73, 39, '2021-04-15 07:03:33', '2021-04-15 07:03:33'),
(199, 90, 120, 32, 42, 200, 300, 73, 40, '2021-04-15 07:03:33', '2021-04-15 07:03:33'),
(200, 90, 120, 32, 42, 300, 400, 73, 40, '2021-04-15 07:03:33', '2021-04-15 07:03:33'),
(201, 120, 150, 32, 42, 0, 100, 74, 39, '2021-04-15 07:05:12', '2021-04-15 07:05:12'),
(202, 120, 150, 32, 42, 100, 200, 74, 40, '2021-04-15 07:05:12', '2021-04-15 07:05:12'),
(203, 120, 150, 32, 42, 200, 300, 74, 41, '2021-04-15 07:05:12', '2021-04-15 07:05:12'),
(204, 120, 150, 32, 42, 300, 400, 74, 42, '2021-04-15 07:05:12', '2021-04-15 07:05:12'),
(205, 0, 50, 2, 4, 0, 100, 84, 35, '2021-05-03 05:57:39', '2021-05-03 05:57:39'),
(206, 0, 50, 2, 4, 100, 200, 84, 36, '2021-05-03 05:57:39', '2021-05-03 05:57:39'),
(207, 0, 50, 2, 4, 200, 300, 84, 37, '2021-05-03 05:57:39', '2021-05-03 05:57:39'),
(208, 50, 90, 2, 4, 0, 100, 85, 35, '2021-05-03 06:00:24', '2021-05-03 06:00:24'),
(209, 50, 90, 2, 4, 100, 200, 85, 36, '2021-05-03 06:00:24', '2021-05-03 06:00:24'),
(212, 90, 150, 2, 4, 0, 100, 86, 35, '2021-05-03 06:09:03', '2021-05-03 06:09:03'),
(213, 90, 150, 2, 4, 100, 200, 86, 36, '2021-05-03 06:09:03', '2021-05-03 06:09:03'),
(214, 90, 150, 2, 4, 200, 300, 86, 37, '2021-05-03 06:09:03', '2021-05-03 06:09:03'),
(215, 150, 210, 2, 4, 0, 100, 87, 35, '2021-05-03 06:11:05', '2021-05-03 06:11:05'),
(216, 150, 210, 2, 4, 100, 200, 87, 36, '2021-05-03 06:11:05', '2021-05-03 06:11:05'),
(217, 150, 210, 2, 4, 200, 300, 87, 37, '2021-05-03 06:11:05', '2021-05-03 06:11:05'),
(218, 210, 300, 2, 4, 0, 100, 88, 36, '2021-05-03 06:13:06', '2021-05-03 06:13:06'),
(219, 210, 300, 2, 4, 100, 200, 88, 37, '2021-05-03 06:13:06', '2021-05-03 06:13:06'),
(220, 210, 300, 2, 4, 200, 300, 88, 38, '2021-05-03 06:13:06', '2021-05-03 06:13:06'),
(221, 210, 300, 2, 4, 300, 400, 88, 39, '2021-05-03 06:13:06', '2021-05-03 06:13:06'),
(222, 0, 40, 4, 5, 0, 100, 89, 35, '2021-05-03 06:14:08', '2021-05-03 06:14:08'),
(223, 0, 40, 4, 5, 100, 200, 89, 36, '2021-05-03 06:14:08', '2021-05-03 06:14:08'),
(224, 40, 80, 4, 5, 0, 100, 90, 35, '2021-05-03 06:15:03', '2021-05-03 06:15:03'),
(225, 40, 80, 4, 5, 100, 200, 90, 36, '2021-05-03 06:15:03', '2021-05-03 06:15:03'),
(226, 80, 110, 4, 5, 0, 100, 91, 35, '2021-05-03 06:16:25', '2021-05-03 06:16:25'),
(227, 80, 110, 4, 5, 100, 200, 91, 36, '2021-05-03 06:16:25', '2021-05-03 06:16:25'),
(228, 80, 110, 4, 5, 200, 300, 91, 37, '2021-05-03 06:16:25', '2021-05-03 06:16:25'),
(229, 110, 150, 4, 5, 0, 100, 92, 35, '2021-05-03 06:17:57', '2021-05-03 06:17:57'),
(230, 110, 150, 4, 5, 100, 200, 92, 36, '2021-05-03 06:17:57', '2021-05-03 06:17:57'),
(231, 110, 150, 4, 5, 200, 300, 92, 37, '2021-05-03 06:17:57', '2021-05-03 06:17:57'),
(232, 150, 190, 4, 5, 0, 100, 93, 36, '2021-05-03 06:19:40', '2021-05-03 06:19:40'),
(233, 150, 190, 4, 5, 100, 200, 93, 37, '2021-05-03 06:19:40', '2021-05-03 06:19:40'),
(234, 150, 190, 4, 5, 200, 300, 93, 38, '2021-05-03 06:19:40', '2021-05-03 06:19:40'),
(235, 150, 190, 4, 5, 300, 400, 93, 39, '2021-05-03 06:19:40', '2021-05-03 06:19:40'),
(236, 190, 220, 4, 5, 0, 100, 94, 36, '2021-05-03 06:21:24', '2021-05-03 06:21:24'),
(237, 190, 220, 4, 5, 100, 200, 94, 37, '2021-05-03 06:21:24', '2021-05-03 06:21:24'),
(238, 190, 220, 4, 5, 200, 300, 94, 38, '2021-05-03 06:21:24', '2021-05-03 06:21:24'),
(239, 190, 220, 4, 5, 300, 400, 94, 39, '2021-05-03 06:21:24', '2021-05-03 06:21:24'),
(240, 0, 30, 5, 7, 0, 100, 95, 35, '2021-05-03 06:22:05', '2021-05-03 06:22:05'),
(241, 0, 30, 5, 7, 100, 200, 95, 36, '2021-05-03 06:22:05', '2021-05-03 06:22:05'),
(242, 30, 60, 5, 7, 0, 100, 96, 35, '2021-05-03 06:23:02', '2021-05-03 06:23:02'),
(243, 30, 60, 5, 7, 100, 200, 96, 36, '2021-05-03 06:23:02', '2021-05-03 06:23:02'),
(244, 60, 90, 5, 7, 0, 100, 97, 35, '2021-05-03 06:25:09', '2021-05-03 06:25:09'),
(245, 60, 90, 5, 7, 100, 200, 97, 36, '2021-05-03 06:25:09', '2021-05-03 06:25:09'),
(246, 60, 90, 5, 7, 200, 300, 97, 37, '2021-05-03 06:25:09', '2021-05-03 06:25:09'),
(247, 90, 120, 5, 7, 0, 100, 98, 35, '2021-05-03 06:27:28', '2021-05-03 06:27:28'),
(248, 90, 120, 5, 7, 100, 200, 98, 36, '2021-05-03 06:27:28', '2021-05-03 06:27:28'),
(249, 90, 120, 5, 7, 200, 300, 98, 37, '2021-05-03 06:27:28', '2021-05-03 06:27:28'),
(250, 120, 150, 5, 7, 0, 100, 99, 36, '2021-05-03 06:28:55', '2021-05-03 06:28:55'),
(251, 120, 150, 5, 7, 100, 200, 99, 37, '2021-05-03 06:28:55', '2021-05-03 06:28:55'),
(252, 120, 150, 5, 7, 200, 300, 99, 38, '2021-05-03 06:28:55', '2021-05-03 06:28:55'),
(253, 120, 150, 5, 7, 300, 400, 99, 39, '2021-05-03 06:28:55', '2021-05-03 06:28:55'),
(254, 150, 180, 5, 7, 0, 100, 100, 36, '2021-05-03 06:29:54', '2021-05-03 06:29:54'),
(255, 150, 180, 5, 7, 100, 200, 100, 37, '2021-05-03 06:29:54', '2021-05-03 06:29:54'),
(256, 150, 180, 5, 7, 200, 300, 100, 38, '2021-05-03 06:29:54', '2021-05-03 06:29:54'),
(257, 150, 180, 5, 7, 300, 400, 100, 39, '2021-05-03 06:29:54', '2021-05-03 06:29:54'),
(258, 180, 220, 5, 7, 0, 100, 101, 37, '2021-05-03 06:31:30', '2021-05-03 06:31:30'),
(259, 180, 220, 5, 7, 100, 200, 101, 38, '2021-05-03 06:31:30', '2021-05-03 06:31:30'),
(260, 180, 220, 5, 7, 200, 300, 101, 39, '2021-05-03 06:31:30', '2021-05-03 06:31:30'),
(261, 180, 220, 5, 7, 300, 400, 101, 40, '2021-05-03 06:31:30', '2021-05-03 06:31:30'),
(262, 0, 20, 7, 9, 0, 100, 102, 35, '2021-05-03 06:32:20', '2021-05-03 06:32:20'),
(263, 0, 20, 7, 9, 100, 200, 102, 36, '2021-05-03 06:32:20', '2021-05-03 06:32:20'),
(264, 20, 40, 7, 9, 0, 100, 103, 35, '2021-05-03 06:32:54', '2021-05-03 06:32:54'),
(265, 20, 40, 7, 9, 100, 200, 103, 36, '2021-05-03 06:32:54', '2021-05-03 06:32:54'),
(266, 40, 60, 7, 9, 0, 100, 104, 35, '2021-05-03 06:33:44', '2021-05-03 06:33:44'),
(267, 40, 60, 7, 9, 100, 200, 104, 36, '2021-05-03 06:33:44', '2021-05-03 06:33:44'),
(268, 40, 60, 7, 9, 200, 300, 104, 37, '2021-05-03 06:33:44', '2021-05-03 06:33:44'),
(269, 60, 80, 7, 9, 0, 100, 105, 36, '2021-05-03 06:34:36', '2021-05-03 06:34:36'),
(270, 60, 80, 7, 9, 100, 200, 105, 37, '2021-05-03 06:34:36', '2021-05-03 06:34:36'),
(271, 60, 80, 7, 9, 200, 300, 105, 38, '2021-05-03 06:34:36', '2021-05-03 06:34:36'),
(272, 80, 100, 7, 9, 0, 100, 106, 36, '2021-05-03 06:35:41', '2021-05-03 06:35:41'),
(273, 80, 100, 7, 9, 100, 200, 106, 37, '2021-05-03 06:35:41', '2021-05-03 06:35:41'),
(274, 80, 100, 7, 9, 200, 300, 106, 38, '2021-05-03 06:35:41', '2021-05-03 06:35:41'),
(275, 80, 100, 7, 9, 300, 400, 106, 39, '2021-05-03 06:35:41', '2021-05-03 06:35:41'),
(276, 100, 130, 7, 9, 0, 100, 107, 36, '2021-05-03 06:36:50', '2021-05-03 06:36:50'),
(277, 100, 130, 7, 9, 100, 200, 107, 37, '2021-05-03 06:36:50', '2021-05-03 06:36:50'),
(278, 100, 130, 7, 9, 200, 300, 107, 38, '2021-05-03 06:36:50', '2021-05-03 06:36:50'),
(279, 100, 130, 7, 9, 300, 400, 107, 39, '2021-05-03 06:36:50', '2021-05-03 06:36:50'),
(280, 130, 160, 7, 9, 0, 100, 108, 36, '2021-05-03 06:41:03', '2021-05-03 06:41:03'),
(281, 130, 160, 7, 9, 100, 200, 108, 37, '2021-05-03 06:41:03', '2021-05-03 06:41:03'),
(282, 130, 160, 7, 9, 200, 300, 108, 38, '2021-05-03 06:41:03', '2021-05-03 06:41:03'),
(283, 130, 160, 7, 9, 300, 400, 108, 39, '2021-05-03 06:41:03', '2021-05-03 06:41:03'),
(284, 130, 160, 7, 9, 400, 500, 108, 40, '2021-05-03 06:41:03', '2021-05-03 06:41:03'),
(285, 0, 20, 9, 11, 0, 100, 109, 35, '2021-05-03 06:42:19', '2021-05-03 06:42:19'),
(286, 0, 20, 9, 11, 100, 200, 109, 36, '2021-05-03 06:42:19', '2021-05-03 06:42:19'),
(287, 20, 40, 9, 11, 0, 100, 110, 35, '2021-05-03 06:43:00', '2021-05-03 06:43:00'),
(288, 20, 40, 9, 11, 100, 200, 110, 36, '2021-05-03 06:43:00', '2021-05-03 06:43:00'),
(289, 40, 60, 9, 11, 0, 100, 111, 35, '2021-05-03 06:43:55', '2021-05-03 06:43:55'),
(290, 40, 60, 9, 11, 100, 200, 111, 36, '2021-05-03 06:43:55', '2021-05-03 06:43:55'),
(291, 40, 60, 9, 11, 200, 300, 111, 37, '2021-05-03 06:43:55', '2021-05-03 06:43:55'),
(292, 60, 80, 9, 11, 0, 100, 112, 36, '2021-05-03 06:45:13', '2021-05-03 06:45:13'),
(293, 60, 80, 9, 11, 100, 200, 112, 37, '2021-05-03 06:45:13', '2021-05-03 06:45:13'),
(294, 60, 80, 9, 11, 200, 300, 112, 38, '2021-05-03 06:45:13', '2021-05-03 06:45:13'),
(295, 80, 100, 9, 11, 0, 100, 113, 36, '2021-05-03 06:46:12', '2021-05-03 06:46:12'),
(296, 80, 100, 9, 11, 100, 200, 113, 37, '2021-05-03 06:46:12', '2021-05-03 06:46:12'),
(297, 80, 100, 9, 11, 200, 300, 113, 38, '2021-05-03 06:46:12', '2021-05-03 06:46:12'),
(298, 80, 100, 9, 11, 300, 400, 113, 39, '2021-05-03 06:46:12', '2021-05-03 06:46:12'),
(299, 100, 130, 9, 11, 0, 100, 114, 36, '2021-05-03 06:47:09', '2021-05-03 06:47:09'),
(300, 100, 130, 9, 11, 100, 200, 114, 37, '2021-05-03 06:47:09', '2021-05-03 06:47:09'),
(301, 100, 130, 9, 11, 200, 300, 114, 38, '2021-05-03 06:47:09', '2021-05-03 06:47:09'),
(302, 100, 130, 9, 11, 300, 400, 114, 39, '2021-05-03 06:47:09', '2021-05-03 06:47:09'),
(307, 130, 160, 9, 11, 0, 100, 115, 36, '2021-05-03 06:49:01', '2021-05-03 06:49:01'),
(308, 130, 160, 9, 11, 100, 200, 115, 37, '2021-05-03 06:49:01', '2021-05-03 06:49:01'),
(309, 130, 160, 9, 11, 200, 300, 115, 38, '2021-05-03 06:49:01', '2021-05-03 06:49:01'),
(310, 130, 160, 9, 11, 300, 400, 115, 39, '2021-05-03 06:49:01', '2021-05-03 06:49:01'),
(311, 130, 160, 9, 11, 400, 500, 115, 40, '2021-05-03 06:49:01', '2021-05-03 06:49:01'),
(312, 0, 15, 11, 14, 0, 100, 116, 35, '2021-05-03 06:56:09', '2021-05-03 06:56:09'),
(313, 0, 15, 11, 14, 100, 200, 116, 36, '2021-05-03 06:56:09', '2021-05-03 06:56:09'),
(314, 15, 25, 11, 14, 0, 100, 117, 35, '2021-05-03 06:56:51', '2021-05-03 06:56:51'),
(315, 15, 25, 11, 14, 100, 200, 117, 36, '2021-05-03 06:56:51', '2021-05-03 06:56:51'),
(316, 25, 40, 11, 14, 0, 100, 118, 35, '2021-05-03 06:57:40', '2021-05-03 06:57:40'),
(317, 25, 40, 11, 14, 100, 200, 118, 36, '2021-05-03 06:57:40', '2021-05-03 06:57:40'),
(318, 25, 40, 11, 14, 200, 300, 118, 37, '2021-05-03 06:57:40', '2021-05-03 06:57:40'),
(319, 40, 55, 11, 14, 0, 100, 119, 36, '2021-05-03 06:58:49', '2021-05-03 06:58:49'),
(320, 40, 55, 11, 14, 100, 200, 119, 37, '2021-05-03 06:58:49', '2021-05-03 06:58:49'),
(321, 40, 55, 11, 14, 200, 300, 119, 38, '2021-05-03 06:58:49', '2021-05-03 06:58:49'),
(322, 55, 70, 11, 14, 0, 100, 120, 36, '2021-05-03 06:59:56', '2021-05-03 06:59:56'),
(323, 55, 70, 11, 14, 100, 200, 120, 37, '2021-05-03 06:59:56', '2021-05-03 06:59:56'),
(324, 55, 70, 11, 14, 200, 300, 120, 38, '2021-05-03 06:59:56', '2021-05-03 06:59:56'),
(325, 55, 70, 11, 14, 300, 400, 120, 39, '2021-05-03 06:59:56', '2021-05-03 06:59:56'),
(326, 70, 85, 11, 14, 0, 100, 121, 36, '2021-05-03 07:01:04', '2021-05-03 07:01:04'),
(327, 70, 85, 11, 14, 100, 200, 121, 37, '2021-05-03 07:01:04', '2021-05-03 07:01:04'),
(328, 70, 85, 11, 14, 200, 300, 121, 38, '2021-05-03 07:01:04', '2021-05-03 07:01:04'),
(329, 70, 85, 11, 14, 300, 400, 121, 39, '2021-05-03 07:01:04', '2021-05-03 07:01:04'),
(330, 85, 100, 11, 14, 0, 100, 122, 36, '2021-05-03 07:01:58', '2021-05-03 07:01:58'),
(331, 85, 100, 11, 14, 100, 200, 122, 37, '2021-05-03 07:01:58', '2021-05-03 07:01:58'),
(332, 85, 100, 11, 14, 200, 300, 122, 38, '2021-05-03 07:01:58', '2021-05-03 07:01:58'),
(333, 85, 100, 11, 14, 300, 400, 122, 39, '2021-05-03 07:01:58', '2021-05-03 07:01:58'),
(334, 0, 20, 14, 16, 0, 100, 123, 35, '2021-05-03 07:02:36', '2021-05-03 07:02:36'),
(335, 0, 20, 14, 16, 100, 200, 123, 36, '2021-05-03 07:02:36', '2021-05-03 07:02:36'),
(336, 20, 30, 14, 16, 0, 100, 124, 35, '2021-05-03 07:03:40', '2021-05-03 07:03:40'),
(337, 20, 30, 14, 16, 100, 200, 124, 36, '2021-05-03 07:03:40', '2021-05-03 07:03:40'),
(338, 20, 30, 14, 16, 200, 300, 124, 37, '2021-05-03 07:03:40', '2021-05-03 07:03:40'),
(339, 30, 40, 14, 16, 0, 100, 125, 36, '2021-05-03 07:16:42', '2021-05-03 07:16:42'),
(340, 30, 40, 14, 16, 100, 200, 125, 37, '2021-05-03 07:16:42', '2021-05-03 07:16:42'),
(341, 30, 40, 14, 16, 200, 300, 125, 38, '2021-05-03 07:16:42', '2021-05-03 07:16:42'),
(342, 40, 60, 14, 16, 0, 100, 126, 36, '2021-05-03 07:17:40', '2021-05-03 07:17:40'),
(343, 40, 60, 14, 16, 100, 200, 126, 37, '2021-05-03 07:17:40', '2021-05-03 07:17:40'),
(344, 40, 60, 14, 16, 200, 300, 126, 38, '2021-05-03 07:17:40', '2021-05-03 07:17:40'),
(345, 40, 60, 14, 16, 300, 400, 126, 39, '2021-05-03 07:17:40', '2021-05-03 07:17:40'),
(346, 60, 80, 14, 16, 0, 100, 127, 36, '2021-05-03 07:18:42', '2021-05-03 07:18:42'),
(347, 60, 80, 14, 16, 100, 200, 127, 37, '2021-05-03 07:18:42', '2021-05-03 07:18:42'),
(348, 60, 80, 14, 16, 200, 300, 127, 38, '2021-05-03 07:18:42', '2021-05-03 07:18:42'),
(349, 60, 80, 14, 16, 300, 400, 127, 39, '2021-05-03 07:18:42', '2021-05-03 07:18:42'),
(350, 80, 100, 14, 16, 0, 100, 128, 36, '2021-05-03 07:19:48', '2021-05-03 07:19:48'),
(351, 80, 100, 14, 16, 100, 200, 128, 37, '2021-05-03 07:19:48', '2021-05-03 07:19:48'),
(352, 80, 100, 14, 16, 200, 300, 128, 38, '2021-05-03 07:19:48', '2021-05-03 07:19:48'),
(353, 80, 100, 14, 16, 300, 400, 128, 39, '2021-05-03 07:19:48', '2021-05-03 07:19:48'),
(354, 80, 100, 14, 16, 400, 500, 128, 40, '2021-05-03 07:19:48', '2021-05-03 07:19:48'),
(355, 0, 20, 16, 22, 0, 100, 129, 35, '2021-05-04 01:18:52', '2021-05-04 01:18:52'),
(356, 0, 20, 16, 22, 100, 200, 129, 36, '2021-05-04 01:18:52', '2021-05-04 01:18:52'),
(357, 20, 30, 16, 22, 0, 100, 130, 35, '2021-05-04 01:20:42', '2021-05-04 01:20:42'),
(358, 20, 30, 16, 22, 100, 200, 130, 36, '2021-05-04 01:20:42', '2021-05-04 01:20:42'),
(359, 20, 30, 16, 22, 200, 300, 130, 37, '2021-05-04 01:20:42', '2021-05-04 01:20:42'),
(360, 30, 40, 16, 22, 0, 100, 131, 36, '2021-05-04 01:21:29', '2021-05-04 01:21:29'),
(361, 30, 40, 16, 22, 100, 200, 131, 37, '2021-05-04 01:21:29', '2021-05-04 01:21:29'),
(362, 30, 40, 16, 22, 200, 300, 131, 38, '2021-05-04 01:21:29', '2021-05-04 01:21:29'),
(366, 40, 50, 16, 22, 0, 100, 132, 36, '2021-05-04 01:23:15', '2021-05-04 01:23:15'),
(367, 40, 50, 16, 22, 100, 200, 132, 37, '2021-05-04 01:23:15', '2021-05-04 01:23:15'),
(368, 40, 50, 16, 22, 200, 300, 132, 38, '2021-05-04 01:23:15', '2021-05-04 01:23:15'),
(369, 40, 50, 16, 22, 300, 400, 132, 39, '2021-05-04 01:23:15', '2021-05-04 01:23:15'),
(370, 50, 60, 16, 22, 0, 100, 133, 36, '2021-05-04 01:24:05', '2021-05-04 01:24:05'),
(371, 50, 60, 16, 22, 100, 200, 133, 37, '2021-05-04 01:24:05', '2021-05-04 01:24:05'),
(372, 50, 60, 16, 22, 200, 300, 133, 38, '2021-05-04 01:24:05', '2021-05-04 01:24:05'),
(373, 50, 60, 16, 22, 300, 400, 133, 39, '2021-05-04 01:24:05', '2021-05-04 01:24:05'),
(378, 60, 80, 16, 22, 0, 100, 134, 36, '2021-05-04 01:25:14', '2021-05-04 01:25:14'),
(379, 60, 80, 16, 22, 100, 200, 134, 37, '2021-05-04 01:25:14', '2021-05-04 01:25:14'),
(380, 60, 80, 16, 22, 200, 300, 134, 38, '2021-05-04 01:25:14', '2021-05-04 01:25:14'),
(381, 60, 80, 16, 22, 300, 400, 134, 39, '2021-05-04 01:25:14', '2021-05-04 01:25:14'),
(382, 60, 80, 16, 22, 400, 500, 134, 40, '2021-05-04 01:25:14', '2021-05-04 01:25:14'),
(383, 80, 120, 16, 22, 0, 100, 135, 37, '2021-05-04 01:26:23', '2021-05-04 01:26:23'),
(384, 80, 120, 16, 22, 100, 200, 135, 38, '2021-05-04 01:26:23', '2021-05-04 01:26:23'),
(385, 80, 120, 16, 22, 200, 300, 135, 39, '2021-05-04 01:26:23', '2021-05-04 01:26:23'),
(386, 80, 120, 16, 22, 300, 400, 135, 40, '2021-05-04 01:26:23', '2021-05-04 01:26:23'),
(387, 80, 120, 16, 22, 400, 500, 135, 41, '2021-05-04 01:26:23', '2021-05-04 01:26:23'),
(388, 120, 180, 16, 22, 0, 100, 136, 38, '2021-05-04 01:27:40', '2021-05-04 01:27:40'),
(389, 120, 180, 16, 22, 100, 200, 136, 39, '2021-05-04 01:27:40', '2021-05-04 01:27:40'),
(390, 120, 180, 16, 22, 200, 300, 136, 40, '2021-05-04 01:27:40', '2021-05-04 01:27:40'),
(391, 120, 180, 16, 22, 300, 400, 136, 41, '2021-05-04 01:27:40', '2021-05-04 01:27:40'),
(392, 120, 180, 16, 22, 400, 500, 136, 42, '2021-05-04 01:27:40', '2021-05-04 01:27:40'),
(393, 180, 250, 16, 22, 0, 100, 137, 38, '2021-05-04 01:28:52', '2021-05-04 01:28:52'),
(394, 180, 250, 16, 22, 100, 200, 137, 39, '2021-05-04 01:28:52', '2021-05-04 01:28:52'),
(395, 180, 250, 16, 22, 200, 300, 137, 40, '2021-05-04 01:28:52', '2021-05-04 01:28:52'),
(396, 180, 250, 16, 22, 300, 400, 137, 41, '2021-05-04 01:28:52', '2021-05-04 01:28:52'),
(397, 180, 250, 16, 22, 400, 500, 137, 42, '2021-05-04 01:28:52', '2021-05-04 01:28:52'),
(398, 0, 20, 22, 35, 0, 100, 138, 36, '2021-05-04 01:30:22', '2021-05-04 01:30:22'),
(399, 0, 20, 22, 35, 100, 200, 138, 37, '2021-05-04 01:30:22', '2021-05-04 01:30:22'),
(400, 0, 20, 22, 35, 200, 300, 138, 38, '2021-05-04 01:30:22', '2021-05-04 01:30:22'),
(401, 20, 30, 22, 35, 0, 100, 139, 36, '2021-05-04 01:31:28', '2021-05-04 01:31:28'),
(402, 20, 30, 22, 35, 100, 200, 139, 37, '2021-05-04 01:31:28', '2021-05-04 01:31:28'),
(403, 20, 30, 22, 35, 200, 300, 139, 38, '2021-05-04 01:31:28', '2021-05-04 01:31:28'),
(404, 30, 45, 22, 35, 0, 100, 140, 36, '2021-05-04 01:32:22', '2021-05-04 01:32:22'),
(405, 30, 45, 22, 35, 100, 200, 140, 37, '2021-05-04 01:32:22', '2021-05-04 01:32:22'),
(406, 30, 45, 22, 35, 200, 300, 140, 38, '2021-05-04 01:32:22', '2021-05-04 01:32:22'),
(407, 30, 45, 22, 35, 300, 400, 140, 39, '2021-05-04 01:32:22', '2021-05-04 01:32:22'),
(408, 45, 60, 22, 35, 0, 100, 141, 36, '2021-05-04 01:33:22', '2021-05-04 01:33:22'),
(409, 45, 60, 22, 35, 100, 200, 141, 37, '2021-05-04 01:33:22', '2021-05-04 01:33:22'),
(410, 45, 60, 22, 35, 200, 300, 141, 38, '2021-05-04 01:33:22', '2021-05-04 01:33:22'),
(411, 45, 60, 22, 35, 300, 400, 141, 39, '2021-05-04 01:33:22', '2021-05-04 01:33:22'),
(412, 60, 90, 22, 35, 0, 100, 142, 37, '2021-05-04 01:34:37', '2021-05-04 01:34:37'),
(413, 60, 90, 22, 35, 100, 200, 142, 38, '2021-05-04 01:34:37', '2021-05-04 01:34:37'),
(414, 60, 90, 22, 35, 200, 300, 142, 39, '2021-05-04 01:34:37', '2021-05-04 01:34:37'),
(415, 60, 90, 22, 35, 300, 400, 142, 40, '2021-05-04 01:34:37', '2021-05-04 01:34:37'),
(416, 60, 90, 22, 35, 400, 500, 142, 41, '2021-05-04 01:34:37', '2021-05-04 01:34:37'),
(417, 90, 120, 22, 35, 0, 100, 143, 37, '2021-05-04 01:36:01', '2021-05-04 01:36:01'),
(418, 90, 120, 22, 35, 100, 200, 143, 38, '2021-05-04 01:36:01', '2021-05-04 01:36:01'),
(419, 90, 120, 22, 35, 200, 300, 143, 39, '2021-05-04 01:36:01', '2021-05-04 01:36:01'),
(420, 90, 120, 22, 35, 300, 400, 143, 40, '2021-05-04 01:36:01', '2021-05-04 01:36:01'),
(421, 90, 120, 22, 35, 400, 500, 143, 41, '2021-05-04 01:36:01', '2021-05-04 01:36:01'),
(422, 120, 150, 22, 35, 0, 100, 144, 38, '2021-05-04 01:37:41', '2021-05-04 01:37:41'),
(423, 120, 150, 22, 35, 100, 200, 144, 39, '2021-05-04 01:37:41', '2021-05-04 01:37:41'),
(424, 120, 150, 22, 35, 200, 300, 144, 40, '2021-05-04 01:37:41', '2021-05-04 01:37:41'),
(425, 120, 150, 22, 35, 300, 400, 144, 41, '2021-05-04 01:37:41', '2021-05-04 01:37:41'),
(426, 120, 150, 22, 35, 400, 500, 144, 42, '2021-05-04 01:37:41', '2021-05-04 01:37:41'),
(431, 150, 200, 22, 35, 0, 100, 145, 39, '2021-05-04 01:39:43', '2021-05-04 01:39:43'),
(432, 150, 200, 22, 35, 100, 200, 145, 40, '2021-05-04 01:39:43', '2021-05-04 01:39:43'),
(433, 150, 200, 22, 35, 200, 300, 145, 41, '2021-05-04 01:39:43', '2021-05-04 01:39:43'),
(434, 150, 200, 22, 35, 300, 400, 145, 42, '2021-05-04 01:39:43', '2021-05-04 01:39:43'),
(435, 150, 200, 22, 35, 400, 500, 145, 44, '2021-05-04 01:39:43', '2021-05-04 01:39:43'),
(436, 0, 20, 35, 50, 0, 100, 146, 36, '2021-05-04 01:40:34', '2021-05-04 01:40:34'),
(437, 0, 20, 35, 50, 100, 200, 146, 37, '2021-05-04 01:40:34', '2021-05-04 01:40:34'),
(438, 0, 20, 35, 50, 200, 300, 146, 38, '2021-05-04 01:40:34', '2021-05-04 01:40:34'),
(439, 20, 35, 35, 50, 0, 100, 147, 36, '2021-05-04 01:41:35', '2021-05-04 01:41:35'),
(440, 20, 35, 35, 50, 100, 200, 147, 37, '2021-05-04 01:41:35', '2021-05-04 01:41:35'),
(441, 20, 35, 35, 50, 200, 300, 147, 38, '2021-05-04 01:41:35', '2021-05-04 01:41:35'),
(442, 35, 50, 35, 50, 0, 100, 148, 36, '2021-05-04 01:42:51', '2021-05-04 01:42:51'),
(443, 35, 50, 35, 50, 100, 200, 148, 37, '2021-05-04 01:42:51', '2021-05-04 01:42:51'),
(444, 35, 50, 35, 50, 200, 300, 148, 38, '2021-05-04 01:42:51', '2021-05-04 01:42:51'),
(445, 35, 50, 35, 50, 300, 400, 148, 39, '2021-05-04 01:42:51', '2021-05-04 01:42:51'),
(446, 50, 70, 35, 50, 0, 100, 149, 37, '2021-05-04 01:44:16', '2021-05-04 01:44:16'),
(447, 50, 70, 35, 50, 100, 200, 149, 38, '2021-05-04 01:44:16', '2021-05-04 01:44:16'),
(448, 50, 70, 35, 50, 200, 300, 149, 39, '2021-05-04 01:44:16', '2021-05-04 01:44:16'),
(449, 50, 70, 35, 50, 300, 400, 149, 40, '2021-05-04 01:44:16', '2021-05-04 01:44:16'),
(450, 50, 70, 35, 50, 400, 500, 149, 41, '2021-05-04 01:44:16', '2021-05-04 01:44:16'),
(451, 70, 90, 35, 50, 0, 100, 150, 38, '2021-05-04 01:45:28', '2021-05-04 01:45:28'),
(452, 70, 90, 35, 50, 100, 200, 150, 39, '2021-05-04 01:45:28', '2021-05-04 01:45:28'),
(453, 70, 90, 35, 50, 200, 300, 150, 40, '2021-05-04 01:45:28', '2021-05-04 01:45:28'),
(454, 70, 90, 35, 50, 300, 400, 150, 41, '2021-05-04 01:45:28', '2021-05-04 01:45:28'),
(455, 70, 90, 35, 50, 400, 500, 150, 42, '2021-05-04 01:45:28', '2021-05-04 01:45:28'),
(456, 90, 120, 35, 50, 0, 100, 151, 38, '2021-05-04 01:46:35', '2021-05-04 01:46:35'),
(457, 90, 120, 35, 50, 100, 200, 151, 39, '2021-05-04 01:46:35', '2021-05-04 01:46:35'),
(458, 90, 120, 35, 50, 200, 300, 151, 40, '2021-05-04 01:46:35', '2021-05-04 01:46:35'),
(459, 90, 120, 35, 50, 300, 400, 151, 41, '2021-05-04 01:46:35', '2021-05-04 01:46:35'),
(460, 90, 120, 35, 50, 400, 500, 151, 41, '2021-05-04 01:46:35', '2021-05-04 01:46:35'),
(461, 120, 150, 35, 50, 0, 100, 152, 39, '2021-05-04 01:47:43', '2021-05-04 01:47:43'),
(462, 120, 150, 35, 50, 100, 200, 152, 40, '2021-05-04 01:47:43', '2021-05-04 01:47:43'),
(463, 120, 150, 35, 50, 200, 300, 152, 41, '2021-05-04 01:47:43', '2021-05-04 01:47:43'),
(464, 120, 150, 35, 50, 300, 400, 152, 42, '2021-05-04 01:47:43', '2021-05-04 01:47:43'),
(465, 120, 150, 35, 50, 400, 500, 152, 44, '2021-05-04 01:47:43', '2021-05-04 01:47:43'),
(466, 0, 20, 50, 65, 0, 100, 153, 36, '2021-05-04 01:51:42', '2021-05-04 01:51:42'),
(467, 0, 20, 50, 65, 100, 200, 153, 37, '2021-05-04 01:51:42', '2021-05-04 01:51:42'),
(468, 0, 20, 50, 65, 200, 300, 153, 38, '2021-05-04 01:51:42', '2021-05-04 01:51:42'),
(469, 20, 35, 50, 65, 0, 100, 154, 36, '2021-05-04 01:52:48', '2021-05-04 01:52:48'),
(470, 20, 35, 50, 65, 100, 200, 154, 37, '2021-05-04 01:52:48', '2021-05-04 01:52:48'),
(471, 20, 35, 50, 65, 200, 300, 154, 38, '2021-05-04 01:52:48', '2021-05-04 01:52:48'),
(472, 20, 35, 50, 65, 300, 400, 154, 39, '2021-05-04 01:52:48', '2021-05-04 01:52:48'),
(473, 35, 50, 50, 65, 0, 100, 155, 37, '2021-05-04 01:54:28', '2021-05-04 01:54:28'),
(474, 35, 50, 50, 65, 100, 200, 155, 38, '2021-05-04 01:54:28', '2021-05-04 01:54:28'),
(475, 35, 50, 50, 65, 200, 300, 155, 39, '2021-05-04 01:54:28', '2021-05-04 01:54:28'),
(476, 35, 50, 50, 65, 300, 400, 155, 40, '2021-05-04 01:54:28', '2021-05-04 01:54:28'),
(477, 35, 50, 50, 65, 400, 500, 155, 41, '2021-05-04 01:54:28', '2021-05-04 01:54:28'),
(478, 50, 70, 50, 65, 0, 100, 156, 38, '2021-05-04 01:56:15', '2021-05-04 01:56:15'),
(479, 50, 70, 50, 65, 100, 200, 156, 39, '2021-05-04 01:56:15', '2021-05-04 01:56:15'),
(480, 50, 70, 50, 65, 200, 300, 156, 40, '2021-05-04 01:56:15', '2021-05-04 01:56:15'),
(481, 50, 70, 50, 65, 300, 400, 156, 41, '2021-05-04 01:56:15', '2021-05-04 01:56:15'),
(482, 50, 70, 50, 65, 400, 500, 156, 42, '2021-05-04 01:56:15', '2021-05-04 01:56:15'),
(483, 70, 100, 50, 65, 0, 100, 157, 38, '2021-05-04 01:57:16', '2021-05-04 01:57:16'),
(484, 70, 100, 50, 65, 100, 200, 157, 39, '2021-05-04 01:57:16', '2021-05-04 01:57:16'),
(485, 70, 100, 50, 65, 200, 300, 157, 40, '2021-05-04 01:57:16', '2021-05-04 01:57:16'),
(486, 70, 100, 50, 65, 300, 400, 157, 41, '2021-05-04 01:57:16', '2021-05-04 01:57:16'),
(487, 70, 100, 50, 65, 400, 500, 157, 42, '2021-05-04 01:57:16', '2021-05-04 01:57:16'),
(488, 100, 140, 50, 65, 0, 100, 158, 39, '2021-05-04 01:58:17', '2021-05-04 01:58:17'),
(489, 100, 140, 50, 65, 100, 200, 158, 40, '2021-05-04 01:58:17', '2021-05-04 01:58:17'),
(490, 100, 140, 50, 65, 200, 300, 158, 41, '2021-05-04 01:58:17', '2021-05-04 01:58:17'),
(491, 100, 140, 50, 65, 300, 400, 158, 42, '2021-05-04 01:58:17', '2021-05-04 01:58:17'),
(492, 100, 140, 50, 65, 400, 500, 158, 44, '2021-05-04 01:58:17', '2021-05-04 01:58:17');

-- --------------------------------------------------------

--
-- Table structure for table `config_solars`
--

CREATE TABLE `config_solars` (
  `id` bigint(20) UNSIGNED NOT NULL,
  `power` varchar(255) COLLATE utf8mb4_unicode_ci DEFAULT NULL,
  `base` enum('Manual Tracker','Ground Structure') COLLATE utf8mb4_unicode_ci DEFAULT NULL,
  `solar_quantity` int(11) DEFAULT NULL,
  `panal_quantity` int(11) DEFAULT NULL,
  `image` varchar(255) COLLATE utf8mb4_unicode_ci DEFAULT '',
  `solar_list_id` bigint(20) UNSIGNED DEFAULT NULL,
  `created_at` timestamp NULL DEFAULT NULL,
  `updated_at` timestamp NULL DEFAULT NULL
) ENGINE=InnoDB DEFAULT CHARSET=utf8mb4 COLLATE=utf8mb4_unicode_ci;

--
-- Dumping data for table `config_solars`
--

INSERT INTO `config_solars` (`id`, `power`, `base`, `solar_quantity`, `panal_quantity`, `image`, `solar_list_id`, `created_at`, `updated_at`) VALUES
(84, '0.75', 'Manual Tracker', 4, 1, '162018353220214jpeg', 5, '2021-04-16 05:01:25', '2021-05-04 21:28:52'),
(85, '0.75', 'Ground Structure', 6, 1, '1620183532202464jpeg', 5, '2021-04-16 05:01:25', '2021-05-04 21:28:52'),
(86, '1.1', 'Manual Tracker', 8, 1, '1620183532202774jpeg', 5, '2021-04-16 05:01:25', '2021-05-04 21:28:52'),
(87, '1.1', 'Ground Structure', 10, 1, '1620183532202458jpeg', 5, '2021-04-16 05:01:25', '2021-05-04 21:28:52'),
(88, '1.5', 'Manual Tracker', 10, 1, '1620183532202744jpeg', 5, '2021-04-16 05:01:25', '2021-05-04 21:28:52'),
(89, '1.5', 'Ground Structure', 12, 1, '1620183532202825jpeg', 5, '2021-04-16 05:01:25', '2021-05-04 21:28:57'),
(90, '2.2', 'Manual Tracker', 16, 2, '1620183537202821jpeg', 5, '2021-04-16 05:01:25', '2021-05-04 21:28:58'),
(91, '2.2', 'Ground Structure', 18, 1, '1620183538202963jpeg', 5, '2021-04-16 05:01:25', '2021-05-04 21:28:58'),
(92, '3', 'Manual Tracker', 18, 2, '1620183538202504jpeg', 5, '2021-04-16 05:01:25', '2021-05-04 21:28:58'),
(93, '3', 'Ground Structure', 20, 1, '1620183538202699jpeg', 5, '2021-04-16 05:01:25', '2021-05-04 21:28:58'),
(94, '4', 'Manual Tracker', 20, 2, '1620183538202266jpeg', 5, '2021-04-16 05:01:25', '2021-05-04 21:28:58'),
(95, '4', 'Ground Structure', 22, 1, '162018353820285jpeg', 5, '2021-04-16 05:01:25', '2021-05-04 21:28:58'),
(96, '5.5', 'Manual Tracker', 30, 3, '1620183538202944jpeg', 5, '2021-04-16 05:01:25', '2021-05-04 21:28:58'),
(97, '5.5', 'Ground Structure', 32, 1, '1620183538202148jpeg', 5, '2021-04-16 05:01:25', '2021-05-04 21:28:58'),
(98, '7.5', 'Manual Tracker', 36, 3, '1620183538202551jpeg', 5, '2021-04-16 05:01:25', '2021-05-04 21:28:58'),
(99, '7.5', 'Ground Structure', 40, 1, '1620183538202357jpeg', 5, '2021-04-16 05:01:25', '2021-05-04 21:28:58'),
(100, '11', 'Manual Tracker', 54, 5, '1620183538202666jpeg', 5, '2021-04-16 05:01:25', '2021-05-04 21:28:58'),
(101, '11', 'Ground Structure', 60, 1, '1620183538202508jpeg', 5, '2021-04-16 05:01:25', '2021-05-04 21:28:58'),
(102, '15', 'Manual Tracker', 72, 6, '1620183538202681jpeg', 5, '2021-04-16 05:01:25', '2021-05-04 21:28:58'),
(103, '15', 'Ground Structure', 80, 1, '1620183538202182jpeg', 5, '2021-04-16 05:01:25', '2021-05-04 21:28:58'),
(104, '18.5', 'Manual Tracker', 90, 9, '1620183538202819jpeg', 5, '2021-04-16 05:01:25', '2021-05-04 21:28:58'),
(105, '18.5', 'Ground Structure', 100, 1, '1620183538202753jpeg', 5, '2021-04-16 05:01:25', '2021-05-04 21:28:58'),
(106, '22', 'Manual Tracker', 108, 9, '1620183538202235jpeg', 5, '2021-04-16 05:01:25', '2021-05-04 21:28:58'),
(107, '22', 'Ground Structure', 120, 1, '1620183538202564jpeg', 5, '2021-04-16 05:01:25', '2021-05-04 21:28:58'),
(108, '30', 'Manual Tracker', 126, 12, '1620183538202557jpeg', 5, '2021-04-16 05:01:25', '2021-05-04 21:28:59'),
(109, '30', 'Ground Structure', 140, 1, '162018353920227jpeg', 5, '2021-04-16 05:01:25', '2021-05-04 21:28:59'),
(162, '0.75', 'Manual Tracker', 4, 1, '1620183687202846jpeg', 7, '2021-04-16 05:19:36', '2021-05-04 21:31:27'),
(163, '0.75', 'Ground Structure', 6, 1, '1620183687202250jpeg', 7, '2021-04-16 05:19:36', '2021-05-04 21:31:27'),
(164, '1.1', 'Manual Tracker', 8, 1, '1620183687202800jpeg', 7, '2021-04-16 05:19:36', '2021-05-04 21:31:27'),
(165, '1.1', 'Ground Structure', 10, 1, '1620183687202244jpeg', 7, '2021-04-16 05:19:36', '2021-05-04 21:31:27'),
(166, '1.5', 'Manual Tracker', 10, 1, '1620183687202784jpeg', 7, '2021-04-16 05:19:36', '2021-05-04 21:31:27'),
(167, '1.5', 'Ground Structure', 12, 1, '1620183687202932jpeg', 7, '2021-04-16 05:19:36', '2021-05-04 21:31:32'),
(168, '2.2', 'Manual Tracker', 16, 2, '1620183692202732jpeg', 7, '2021-04-16 05:19:36', '2021-05-04 21:31:32'),
(169, '2.2', 'Ground Structure', 18, 1, '1620183692202204jpeg', 7, '2021-04-16 05:19:36', '2021-05-04 21:31:32'),
(170, '3', 'Manual Tracker', 18, 2, '1620183692202926jpeg', 7, '2021-04-16 05:19:36', '2021-05-04 21:31:32'),
(171, '3', 'Ground Structure', 20, 1, '1620183692202855jpeg', 7, '2021-04-16 05:19:36', '2021-05-04 21:31:32'),
(172, '4', 'Manual Tracker', 20, 2, '1620183692202849jpeg', 7, '2021-04-16 05:19:36', '2021-05-04 21:31:32'),
(173, '4', 'Ground Structure', 22, 1, '162018369220242jpeg', 7, '2021-04-16 05:19:36', '2021-05-04 21:31:32'),
(174, '5.5', 'Manual Tracker', 30, 3, '1620183692202221jpeg', 7, '2021-04-16 05:19:36', '2021-05-04 21:31:33'),
(175, '5.5', 'Ground Structure', 32, 1, '1620183693202342jpeg', 7, '2021-04-16 05:19:36', '2021-05-04 21:31:33'),
(176, '7.5', 'Manual Tracker', 36, 3, '1620183693202753jpeg', 7, '2021-04-16 05:19:36', '2021-05-04 21:31:33'),
(177, '7.5', 'Ground Structure', 40, 1, '1620183693202705jpeg', 7, '2021-04-16 05:19:36', '2021-05-04 21:31:33'),
(178, '11', 'Manual Tracker', 54, 5, '1620183693202635jpeg', 7, '2021-04-16 05:19:36', '2021-05-04 21:31:33'),
(179, '11', 'Ground Structure', 60, 1, '1620183693202739jpeg', 7, '2021-04-16 05:19:36', '2021-05-04 21:31:33'),
(180, '15', 'Manual Tracker', 72, 6, '1620183693202744jpeg', 7, '2021-04-16 05:19:36', '2021-05-04 21:31:33'),
(181, '15', 'Ground Structure', 80, 1, '1620183693202524jpeg', 7, '2021-04-16 05:19:36', '2021-05-04 21:31:33'),
(182, '18.5', 'Manual Tracker', 90, 9, '1620183693202961jpeg', 7, '2021-04-16 05:19:36', '2021-05-04 21:31:33'),
(183, '18.5', 'Ground Structure', 100, 1, '1620183693202837jpeg', 7, '2021-04-16 05:19:36', '2021-05-04 21:31:33'),
(184, '22', 'Manual Tracker', 108, 9, '1620183693202764jpeg', 7, '2021-04-16 05:19:36', '2021-05-04 21:31:33'),
(185, '22', 'Ground Structure', 120, 1, '1620183693202533jpeg', 7, '2021-04-16 05:19:36', '2021-05-04 21:31:33'),
(186, '30', 'Manual Tracker', 126, 12, '1620183693202711jpeg', 7, '2021-04-16 05:19:36', '2021-05-04 21:31:33'),
(187, '30', 'Ground Structure', 140, 1, '1620183693202136jpeg', 7, '2021-04-16 05:19:36', '2021-05-04 21:31:33'),
(188, '0.75', 'Manual Tracker', 4, 1, '1620183373202367jpeg', 4, '2021-04-19 03:57:53', '2021-05-04 21:26:13'),
(189, '0.75', 'Ground Structure', 6, 1, '1620183373202517jpeg', 4, '2021-04-19 03:57:53', '2021-05-04 21:26:13'),
(190, '1.1', 'Manual Tracker', 8, 1, '1620183373202978jpeg', 4, '2021-04-19 03:57:53', '2021-05-04 21:26:13'),
(191, '1.1', 'Ground Structure', 10, 1, '1620183373202309jpeg', 4, '2021-04-19 03:57:53', '2021-05-04 21:26:13'),
(192, '1.5', 'Manual Tracker', 10, 1, '1620183373202604jpeg', 4, '2021-04-19 03:57:53', '2021-05-04 21:26:14'),
(193, '1.5', 'Ground Structure', 12, 1, '1620183374202245jpeg', 4, '2021-04-19 03:57:53', '2021-05-04 21:26:19'),
(194, '2.2', 'Manual Tracker', 16, 2, '1620183379202140jpeg', 4, '2021-04-19 03:57:53', '2021-05-04 21:26:19'),
(195, '2.2', 'Ground Structure', 18, 1, '1620183379202477jpeg', 4, '2021-04-19 03:57:53', '2021-05-04 21:26:19'),
(196, '3', 'Manual Tracker', 18, 2, '1620183379202952jpeg', 4, '2021-04-19 03:57:53', '2021-05-04 21:26:19'),
(197, '3', 'Ground Structure', 20, 1, '1620183379202503jpeg', 4, '2021-04-19 03:57:53', '2021-05-04 21:26:19'),
(198, '4', 'Manual Tracker', 20, 2, '162018337920267jpeg', 4, '2021-04-19 03:57:53', '2021-05-04 21:26:19'),
(199, '4', 'Ground Structure', 22, 1, '1620183379202224jpeg', 4, '2021-04-19 03:57:53', '2021-05-04 21:26:19'),
(200, '5.5', 'Manual Tracker', 30, 3, '1620183379202224jpeg', 4, '2021-04-19 03:57:53', '2021-05-04 21:26:19'),
(201, '5.5', 'Ground Structure', 32, 1, '1620183379202189jpeg', 4, '2021-04-19 03:57:53', '2021-05-04 21:26:19'),
(202, '7.5', 'Manual Tracker', 36, 3, '1620183379202609jpeg', 4, '2021-04-19 03:57:53', '2021-05-04 21:26:19'),
(203, '7.5', 'Ground Structure', 40, 1, '1620183379202571jpeg', 4, '2021-04-19 03:57:53', '2021-05-04 21:26:19'),
(204, '11', 'Manual Tracker', 54, 5, '162018337920287jpeg', 4, '2021-04-19 03:57:53', '2021-05-04 21:26:19'),
(205, '11', 'Ground Structure', 60, 1, '1620183379202788jpeg', 4, '2021-04-19 03:57:53', '2021-05-04 21:26:19'),
(206, '15', 'Manual Tracker', 72, 6, '1620183379202977jpeg', 4, '2021-04-19 03:57:53', '2021-05-04 21:26:19'),
(207, '15', 'Ground Structure', 80, 1, '1620183379202405jpeg', 4, '2021-04-19 03:57:53', '2021-05-04 21:26:19'),
(208, '18.5', 'Manual Tracker', 90, 9, '1620183379202409jpeg', 4, '2021-04-19 03:57:53', '2021-05-04 21:26:19'),
(209, '18.5', 'Ground Structure', 100, 1, '16201833792025jpeg', 4, '2021-04-19 03:57:53', '2021-05-04 21:26:19'),
(210, '22', 'Manual Tracker', 108, 9, '1620183379202607jpeg', 4, '2021-04-19 03:57:53', '2021-05-04 21:26:20'),
(211, '22', 'Ground Structure', 120, 1, '1620183380202216jpeg', 4, '2021-04-19 03:57:53', '2021-05-04 21:26:20'),
(212, '30', 'Manual Tracker', 126, 12, '1620183380202435jpeg', 4, '2021-04-19 03:57:53', '2021-05-04 21:26:20'),
(213, '30', 'Ground Structure', 140, 1, '1620183380202672jpeg', 4, '2021-04-19 03:57:53', '2021-05-04 21:26:20');

-- --------------------------------------------------------

--
-- Table structure for table `failed_jobs`
--

CREATE TABLE `failed_jobs` (
  `id` bigint(20) UNSIGNED NOT NULL,
  `uuid` varchar(255) COLLATE utf8mb4_unicode_ci NOT NULL,
  `connection` text COLLATE utf8mb4_unicode_ci NOT NULL,
  `queue` text COLLATE utf8mb4_unicode_ci NOT NULL,
  `payload` longtext COLLATE utf8mb4_unicode_ci NOT NULL,
  `exception` longtext COLLATE utf8mb4_unicode_ci NOT NULL,
  `failed_at` timestamp NOT NULL DEFAULT CURRENT_TIMESTAMP
) ENGINE=InnoDB DEFAULT CHARSET=utf8mb4 COLLATE=utf8mb4_unicode_ci;

-- --------------------------------------------------------

--
-- Table structure for table `geolocations`
--

CREATE TABLE `geolocations` (
  `id` bigint(20) UNSIGNED NOT NULL,
  `country` varchar(255) COLLATE utf8mb4_unicode_ci NOT NULL,
  `city` varchar(255) COLLATE utf8mb4_unicode_ci NOT NULL,
  `latitude` varchar(255) COLLATE utf8mb4_unicode_ci NOT NULL,
  `longtitude` varchar(255) COLLATE utf8mb4_unicode_ci NOT NULL,
  `created_at` timestamp NULL DEFAULT NULL,
  `updated_at` timestamp NULL DEFAULT NULL
) ENGINE=InnoDB DEFAULT CHARSET=utf8mb4 COLLATE=utf8mb4_unicode_ci;

--
-- Dumping data for table `geolocations`
--

INSERT INTO `geolocations` (`id`, `country`, `city`, `latitude`, `longtitude`, `created_at`, `updated_at`) VALUES
(12, 'Afghanistan', 'Kabul', '33', '69', '2021-03-13 03:57:17', '2021-03-13 03:57:17'),
(13, 'Afghanistan', 'Badakhshan', '38', '71', '2021-04-14 00:49:58', '2021-04-14 00:49:58'),
(14, 'Afghanistan', 'Badghis', '35', '63', '2021-04-14 00:50:49', '2021-04-14 00:50:49'),
(15, 'Afghanistan', 'Baghlan', '36', '69', '2021-04-14 00:55:28', '2021-04-14 00:55:28'),
(16, 'Afghanistan', 'Balkh', '36', '66', '2021-04-14 00:55:57', '2021-04-14 00:55:57'),
(17, 'Afghanistan', 'Bamiyan', '34', '67', '2021-04-14 00:56:21', '2021-04-14 00:56:21'),
(18, 'Afghanistan', 'Daykundi', '33', '66', '2021-04-14 00:57:11', '2021-04-14 00:57:11'),
(19, 'Afghanistan', 'Farah', '32', '62', '2021-04-14 00:57:38', '2021-04-14 00:57:38'),
(20, 'Afghanistan', 'Faryab', '36', '64', '2021-04-14 00:57:57', '2021-04-14 00:57:57'),
(21, 'Afghanistan', 'Ghazni', '33', '68', '2021-04-14 01:15:20', '2021-04-14 01:15:20'),
(22, 'Afghanistan', 'Ghor', '34', '64', '2021-04-14 01:17:49', '2021-04-14 01:17:49'),
(23, 'Afghanistan', 'Helmand', '31', '64', '2021-04-14 01:18:21', '2021-04-14 01:18:21'),
(24, 'Afghanistan', 'Herat', '34', '62', '2021-04-14 01:19:02', '2021-04-14 01:19:02'),
(25, 'Afghanistan', 'Jowzjan', '36', '65', '2021-04-14 01:19:52', '2021-04-14 01:19:52'),
(26, 'Afghanistan', 'Kandahar', '31', '65', '2021-04-14 01:20:19', '2021-04-14 01:20:19'),
(27, 'Afghanistan', 'Kapisa', '35', '69', '2021-04-14 01:21:02', '2021-04-14 01:21:02'),
(28, 'Afghanistan', 'Khost', '33', '69', '2021-04-14 01:21:30', '2021-04-14 01:21:30'),
(29, 'Afghanistan', 'Kunar', '34', '70', '2021-04-14 01:21:57', '2021-04-14 01:21:57'),
(30, 'Afghanistan', 'Kunduz', '36', '68', '2021-04-14 01:22:28', '2021-04-14 01:22:28'),
(31, 'Afghanistan', 'Laghman', '34', '70', '2021-04-14 01:23:02', '2021-04-14 01:23:02'),
(32, 'Afghanistan', 'Logar', '34', '69', '2021-04-14 01:23:24', '2021-04-14 01:23:24'),
(33, 'Afghanistan', 'Nangarhar', '34', '70', '2021-04-14 01:24:15', '2021-04-14 01:24:15'),
(34, 'Afghanistan', 'Nimruz', '31', '62', '2021-04-14 01:25:12', '2021-04-14 01:25:12'),
(35, 'Afghanistan', 'Nuristan', '35', '70', '2021-04-14 01:25:39', '2021-04-14 01:25:39'),
(36, 'Afghanistan', 'Paktia', '32', '65', '2021-04-14 01:26:07', '2021-04-14 01:26:07'),
(37, 'Afghanistan', 'Paktika', '32', '68', '2021-04-14 01:26:31', '2021-04-14 01:26:31'),
(38, 'Afghanistan', 'Panjshir', '35', '69', '2021-04-14 01:27:02', '2021-04-14 01:27:02'),
(39, 'Afghanistan', 'Parwan', '34', '68', '2021-04-14 01:27:27', '2021-04-14 01:27:27'),
(40, 'Afghanistan', 'Samangan', '36', '67', '2021-04-14 01:27:54', '2021-04-14 01:27:54'),
(41, 'Afghanistan', 'Sar_e_ Pol', '36', '65', '2021-04-14 01:28:26', '2021-04-14 01:28:26'),
(42, 'Afghanistan', 'Takhar', '36', '69', '2021-04-14 01:28:53', '2021-04-14 01:28:53'),
(43, 'Afghanistan', 'Urozgan', '32', '66', '2021-04-14 01:29:18', '2021-04-14 01:29:18'),
(44, 'Afghanistan', 'Wardak', '34', '68', '2021-04-14 01:29:50', '2021-04-14 01:29:50'),
(45, 'Afghanistan', 'Zabul', '32', '67', '2021-04-14 01:30:16', '2021-04-14 01:30:16');

-- --------------------------------------------------------

--
-- Table structure for table `invertor_brands`
--

CREATE TABLE `invertor_brands` (
  `id` bigint(20) UNSIGNED NOT NULL,
  `name` varchar(255) COLLATE utf8mb4_unicode_ci NOT NULL,
  `country` varchar(255) COLLATE utf8mb4_unicode_ci NOT NULL,
  `discription` varchar(255) COLLATE utf8mb4_unicode_ci NOT NULL,
  `image` varchar(255) COLLATE utf8mb4_unicode_ci NOT NULL,
  `created_at` timestamp NULL DEFAULT NULL,
  `updated_at` timestamp NULL DEFAULT NULL
) ENGINE=InnoDB DEFAULT CHARSET=utf8mb4 COLLATE=utf8mb4_unicode_ci;

--
-- Dumping data for table `invertor_brands`
--

INSERT INTO `invertor_brands` (`id`, `name`, `country`, `discription`, `image`, `created_at`, `updated_at`) VALUES
(3, 'HOBER', 'China', 'TEST', '1618379616.png', '2021-04-14 00:23:36', '2021-04-14 00:23:36'),
(4, 'DONFOSS', 'Italy', 'TEST', '1618379669.png', '2021-04-14 00:24:29', '2021-04-14 00:24:29'),
(5, 'MICNO', 'China', 'IP20', '1618379723.png', '2021-04-14 00:25:23', '2021-04-14 00:25:23');

-- --------------------------------------------------------

--
-- Table structure for table `invertor_lists`
--

CREATE TABLE `invertor_lists` (
  `id` bigint(20) UNSIGNED NOT NULL,
  `invertor_brand_id` bigint(20) UNSIGNED NOT NULL,
  `model` varchar(255) COLLATE utf8mb4_unicode_ci NOT NULL,
  `power` varchar(255) COLLATE utf8mb4_unicode_ci NOT NULL,
  `voltage_ac` varchar(255) COLLATE utf8mb4_unicode_ci NOT NULL,
  `voltage_dc_min` varchar(255) COLLATE utf8mb4_unicode_ci NOT NULL,
  `voltage_dc_max` varchar(255) COLLATE utf8mb4_unicode_ci NOT NULL,
  `discription` varchar(255) COLLATE utf8mb4_unicode_ci DEFAULT NULL,
  `image` varchar(255) COLLATE utf8mb4_unicode_ci DEFAULT NULL,
  `data_sheet` varchar(255) COLLATE utf8mb4_unicode_ci DEFAULT '',
  `created_at` timestamp NULL DEFAULT NULL,
  `updated_at` timestamp NULL DEFAULT NULL
) ENGINE=InnoDB DEFAULT CHARSET=utf8mb4 COLLATE=utf8mb4_unicode_ci;

--
-- Dumping data for table `invertor_lists`
--

INSERT INTO `invertor_lists` (`id`, `invertor_brand_id`, `model`, `power`, `voltage_ac`, `voltage_dc_min`, `voltage_dc_max`, `discription`, `image`, `data_sheet`, `created_at`, `updated_at`) VALUES
(1, 5, 'Ka1300 IP20', '20', '270', '89', '226', '', '1618572632.jpeg', '', '2021-04-15 09:26:35', '2021-05-03 07:35:05');

-- --------------------------------------------------------

--
-- Table structure for table `irradiations`
--

CREATE TABLE `irradiations` (
  `id` bigint(20) UNSIGNED NOT NULL,
  `geolocation_id` bigint(20) UNSIGNED NOT NULL,
  `month_id` bigint(20) UNSIGNED NOT NULL,
  `t6am` varchar(255) COLLATE utf8mb4_unicode_ci DEFAULT NULL,
  `t7am` varchar(255) COLLATE utf8mb4_unicode_ci DEFAULT NULL,
  `t8am` varchar(255) COLLATE utf8mb4_unicode_ci DEFAULT NULL,
  `t9am` varchar(255) COLLATE utf8mb4_unicode_ci DEFAULT NULL,
  `t10am` varchar(255) COLLATE utf8mb4_unicode_ci DEFAULT NULL,
  `t11am` varchar(255) COLLATE utf8mb4_unicode_ci DEFAULT NULL,
  `t12am` varchar(255) COLLATE utf8mb4_unicode_ci DEFAULT NULL,
  `t1pm` varchar(255) COLLATE utf8mb4_unicode_ci DEFAULT NULL,
  `t2pm` varchar(255) COLLATE utf8mb4_unicode_ci DEFAULT NULL,
  `t3pm` varchar(255) COLLATE utf8mb4_unicode_ci DEFAULT NULL,
  `t4pm` varchar(255) COLLATE utf8mb4_unicode_ci DEFAULT NULL,
  `t5pm` varchar(255) COLLATE utf8mb4_unicode_ci DEFAULT NULL,
  `t6pm` varchar(255) COLLATE utf8mb4_unicode_ci DEFAULT '',
  `created_at` timestamp NULL DEFAULT NULL,
  `updated_at` timestamp NULL DEFAULT NULL
) ENGINE=InnoDB DEFAULT CHARSET=utf8mb4 COLLATE=utf8mb4_unicode_ci;

--
-- Dumping data for table `irradiations`
--

INSERT INTO `irradiations` (`id`, `geolocation_id`, `month_id`, `t6am`, `t7am`, `t8am`, `t9am`, `t10am`, `t11am`, `t12am`, `t1pm`, `t2pm`, `t3pm`, `t4pm`, `t5pm`, `t6pm`, `created_at`, `updated_at`) VALUES
(61, 12, 1, '0', '0', '0.22', '0.4', '0.56', '0.66', '0.7', '0.66', '0.56', '0.4', '0.22', '0', '0', '2021-03-13 03:57:17', '2021-05-01 13:09:25'),
(62, 12, 2, '0', '0.09', '0.25', '0.43', '0.6', '0.71', '0.74', '0.71', '0.6', '0.43', '0.25', '0.09', '0', '2021-03-13 03:57:17', '2021-05-01 04:56:37'),
(63, 12, 3, '0', '0.13', '0.32', '0.5', '0.64', '0.74', '0.78', '0.74', '0.64', '0.5', '0.32', '0.13', '0', '2021-03-13 03:57:17', '2021-05-01 05:00:14'),
(64, 12, 4, '0.03', '0.18', '0.37', '0.55', '0.69', '0.78', '0.82', '0.78', '0.69', '0.55', '0.37', '0.18', '0.03', '2021-03-13 03:57:17', '2021-05-01 04:57:08'),
(65, 12, 5, '0.06', '0.24', '0.41', '0.59', '0.74', '0.84', '0.87', '0.84', '0.74', '0.59', '0.41', '0.24', '0.06', '2021-03-13 03:57:17', '2021-05-01 04:57:30'),
(66, 12, 6, '0.07', '0.25', '0.44', '0.62', '0.79', '0.88', '0.91', '0.88', '0.79', '0.62', '0.44', '0.24', '0.07', '2021-03-13 03:57:17', '2021-05-01 04:57:47'),
(67, 12, 7, '0.06', '0.24', '0.43', '0.63', '0.78', '0.87', '0.91', '0.87', '0.78', '0.63', '0.43', '0.24', '0.5', '2021-03-13 03:57:17', '2021-05-02 03:59:01'),
(68, 12, 8, '0.04', '0.23', '0.41', '0.58', '0.75', '0.85', '0.88', '0.85', '0.75', '0.58', '0.41', '0.23', '0.04', '2021-03-13 03:57:17', '2021-05-01 04:58:58'),
(69, 12, 9, '0.01', '0.19', '0.4', '0.59', '0.76', '0.87', '0.9', '0.87', '0.76', '0.59', '0.4', '0.19', '0.01', '2021-03-13 03:57:17', '2021-05-01 04:59:12'),
(70, 12, 10, '0', '0.16', '0.37', '0.59', '0.77', '0.89', '0.92', '0.89', '0.77', '0.59', '0.37', '0.16', '0', '2021-03-13 03:57:17', '2021-05-01 04:59:23'),
(71, 12, 11, '0', '0.09', '0.3', '0.51', '0.68', '0.78', '0.82', '0.78', '0.68', '0.51', '0.3', '0.09', '0', '2021-03-13 03:57:17', '2021-05-01 04:59:37'),
(72, 12, 12, '0', '0', '0.21', '0.41', '0.56', '0.66', '0.7', '0.66', '0.56', '0.41', '0.21', '0', '0', '2021-03-13 03:57:17', '2021-05-01 04:59:47'),
(73, 13, 1, '0', '0', '0.18', '0.34', '0.47', '0.56', '0.62', '0.56', '0.47', '0.34', '0.18', '0', '0', '2021-04-14 00:49:58', '2021-05-01 05:05:32'),
(74, 13, 2, '0', '0.07', '0.23', '0.4', '0.54', '0.64', '0.68', '0.64', '0.54', '0.4', '0.23', '0.07', '0', '2021-04-14 00:49:58', '2021-05-01 05:05:45'),
(75, 13, 3, '0', '0.12', '0.29', '0.46', '0.6', '0.7', '0.73', '0.7', '0.6', '0.46', '0.29', '0.12', '0', '2021-04-14 00:49:58', '2021-05-01 05:05:54'),
(76, 13, 4, '0.03', '0.17', '0.35', '0.54', '0.68', '0.78', '0.81', '0.78', '0.68', '0.54', '0.35', '0.17', '0.03', '2021-04-14 00:49:58', '2021-05-01 05:06:05'),
(77, 13, 5, '0.06', '0.22', '0.4', '0.57', '0.71', '0.79', '0.83', '0.79', '0.71', '0.57', '0.4', '0.22', '0.06', '2021-04-14 00:49:58', '2021-05-01 05:06:18'),
(78, 13, 6, '0.07', '0.25', '0.45', '0.63', '0.77', '0.88', '0.91', '0.88', '0.77', '0.63', '0.45', '0.25', '0.07', '2021-04-14 00:49:58', '2021-05-01 05:06:28'),
(79, 13, 7, '0.07', '0.23', '0.45', '0.62', '0.77', '0.87', '0.9', '0.87', '0.77', '0.62', '0.45', '0.23', '0.07', '2021-04-14 00:49:58', '2021-05-01 05:06:40'),
(80, 13, 8, '0.05', '0.23', '0.42', '0.6', '0.76', '0.86', '0.89', '0.86', '0.76', '0.6', '0.42', '0.23', '0.05', '2021-04-14 00:49:58', '2021-05-01 05:06:52'),
(81, 13, 9, '0.01', '0.18', '0.39', '0.6', '0.76', '0.88', '0.92', '0.88', '0.76', '0.6', '0.39', '0.18', '0.01', '2021-04-14 00:49:58', '2021-05-01 05:07:12'),
(82, 13, 10, '0', '0.13', '0.35', '0.55', '0.72', '0.82', '0.86', '0.82', '0.72', '0.55', '0.35', '0.13', '0', '2021-04-14 00:49:58', '2021-05-01 05:07:23'),
(83, 13, 11, '0', '0.06', '0.24', '0.42', '0.58', '0.68', '0.71', '0.68', '0.58', '0.42', '0.24', '0.06', '0', '2021-04-14 00:49:58', '2021-05-01 05:07:33'),
(84, 13, 12, '0', '0', '0.15', '0.3', '0.45', '0.53', '0.57', '0.53', '0.45', '0.3', '0.15', '0', '0', '2021-04-14 00:49:58', '2021-05-01 05:07:43'),
(85, 14, 1, '0', '0', '0.21', '0.39', '0.55', '0.65', '0.68', '0.65', '0.55', '0.39', '0.21', '0', '0', '2021-04-14 00:50:49', '2021-05-01 05:08:04'),
(86, 14, 2, '0', '0.09', '0.27', '0.45', '0.62', '0.72', '0.75', '0.72', '0.62', '0.45', '0.27', '0.09', '0', '2021-04-14 00:50:49', '2021-05-01 05:08:12'),
(87, 14, 3, '0', '0.14', '0.32', '0.51', '0.67', '0.76', '0.8', '0.76', '0.67', '0.51', '0.32', '0.14', '0', '2021-04-14 00:50:49', '2021-05-01 05:08:19'),
(88, 14, 4, '0.03', '0.18', '0.39', '0.57', '0.72', '0.82', '0.85', '0.82', '0.72', '0.57', '0.39', '0.18', '0.03', '2021-04-14 00:50:49', '2021-05-01 05:08:31'),
(89, 14, 5, '0.06', '0.22', '0.42', '0.6', '0.75', '0.84', '0.87', '0.84', '0.75', '0.6', '0.42', '0.22', '0.06', '2021-04-14 00:50:49', '2021-05-01 05:08:59'),
(90, 14, 6, '0.06', '0.23', '0.43', '0.6', '0.75', '0.84', '0.87', '0.84', '0.75', '0.6', '0.43', '0.23', '0.06', '2021-04-14 00:50:49', '2021-05-01 05:09:12'),
(91, 14, 7, '0.06', '0.23', '0.41', '0.59', '0.73', '0.83', '0.86', '0.83', '0.73', '0.59', '0.41', '0.23', '0.06', '2021-04-14 00:50:49', '2021-05-01 05:09:24'),
(92, 14, 8, '0.05', '0.22', '0.41', '0.61', '0.74', '0.84', '0.88', '0.84', '0.74', '0.61', '0.41', '0.22', '0.05', '2021-04-14 00:50:49', '2021-05-01 05:09:39'),
(93, 14, 9, '0.01', '0.2', '0.41', '0.61', '0.78', '0.89', '0.92', '0.89', '0.78', '0.61', '0.41', '0.2', '0.01', '2021-04-14 00:50:49', '2021-05-01 05:09:58'),
(94, 14, 10, '0', '0.15', '0.37', '0.59', '0.75', '0.86', '0.9', '0.86', '0.75', '0.59', '0.37', '0.15', '0', '2021-04-14 00:50:49', '2021-05-01 05:10:08'),
(95, 14, 11, '0', '0.09', '0.28', '0.48', '0.65', '0.77', '0.8', '0.77', '0.65', '0.48', '0.28', '0.09', '0', '2021-04-14 00:50:49', '2021-05-01 05:10:17'),
(96, 14, 12, '0', '0', '0.21', '0.39', '0.56', '0.65', '0.69', '0.65', '0.56', '0.39', '0.21', '0', '0', '2021-04-14 00:50:49', '2021-05-01 05:10:27'),
(97, 15, 1, '0', '0', '0.17', '0.33', '0.45', '0.57', '0.6', '0.57', '0.45', '0.33', '0.17', '0', '0', '2021-04-14 00:55:28', '2021-05-01 05:13:21'),
(98, 15, 2, '0', '0.07', '0.22', '0.39', '0.53', '0.63', '0.67', '0.63', '0.53', '0.39', '0.22', '0.07', '0.07', '2021-04-14 00:55:28', '2021-05-01 05:13:33'),
(99, 15, 3, '0', '0.11', '0.28', '0.45', '0.58', '0.68', '0.7', '0.68', '0.58', '0.45', '0.28', '0.11', '0', '2021-04-14 00:55:28', '2021-05-01 05:13:56'),
(100, 15, 4, '0.03', '0.17', '0.34', '0.52', '0.66', '0.75', '0.78', '0.75', '0.66', '0.52', '0.34', '0.17', '0.03', '2021-04-14 00:55:28', '2021-05-01 05:14:24'),
(101, 15, 5, '0.06', '0.21', '0.39', '0.56', '0.69', '0.77', '0.81', '0.77', '0.69', '0.56', '0.39', '0.21', '0.06', '2021-04-14 00:55:28', '2021-05-01 05:13:03'),
(102, 15, 6, '0.07', '0.25', '0.44', '0.62', '0.76', '0.86', '0.89', '0.86', '0.76', '0.62', '0.44', '0.25', '0.07', '2021-04-14 00:55:28', '2021-05-01 05:14:47'),
(103, 15, 7, '0.07', '0.23', '0.44', '0.62', '0.76', '0.86', '0.89', '0.86', '0.76', '0.62', '0.44', '0.23', '0.07', '2021-04-14 00:55:28', '2021-05-01 05:15:05'),
(104, 15, 8, '0.05', '0.22', '0.41', '0.59', '0.75', '0.85', '0.88', '0.85', '0.75', '0.59', '0.41', '0.22', '0.05', '2021-04-14 00:55:28', '2021-05-01 05:15:17'),
(105, 15, 9, '0.01', '0.17', '0.37', '0.57', '0.73', '0.84', '0.88', '0.84', '0.73', '0.57', '0.37', '0.17', '0.01', '2021-04-14 00:55:28', '2021-05-01 05:15:31'),
(106, 15, 10, '0', '0.12', '0.33', '0.53', '0.69', '0.79', '0.82', '0.79', '0.69', '0.53', '0.33', '0.12', '0', '2021-04-14 00:55:28', '2021-05-01 05:15:45'),
(107, 15, 11, '0', '0.05', '0.23', '0.4', '0.56', '0.66', '0.7', '0.66', '0.56', '0.4', '0.23', '0.05', '0', '2021-04-14 00:55:28', '2021-05-01 05:15:53'),
(108, 15, 12, '0', '0', '0.14', '0.3', '0.45', '0.53', '0.57', '0.53', '0.45', '0.3', '0.14', '0', '0', '2021-04-14 00:55:28', '2021-05-01 05:16:01'),
(109, 16, 1, '0', '0', '0.17', '0.33', '0.46', '0.57', '0.61', '0.57', '0.46', '0.33', '0.17', '0', '0', '2021-04-14 00:55:57', '2021-05-01 05:16:26'),
(110, 16, 2, '0', '0.07', '0.23', '0.39', '0.54', '0.64', '0.68', '0.64', '0.54', '0.39', '0.23', '0.07', '0', '2021-04-14 00:55:57', '2021-05-01 05:16:34'),
(111, 16, 3, '0', '0.11', '0.28', '0.45', '0.59', '0.69', '0.71', '0.69', '0.59', '0.45', '0.28', '0.11', '0', '2021-04-14 00:55:57', '2021-05-01 05:16:45'),
(112, 16, 4, '0.03', '0.17', '0.35', '0.53', '0.68', '0.77', '0.8', '0.77', '0.68', '0.53', '0.35', '0.17', '0.03', '2021-04-14 00:55:57', '2021-05-01 05:16:56'),
(113, 16, 5, '0.06', '0.22', '0.39', '0.57', '0.71', '0.79', '0.83', '0.79', '0.71', '0.57', '0.39', '0.22', '0.06', '2021-04-14 00:55:57', '2021-05-01 05:17:11'),
(114, 16, 6, '0.07', '0.24', '0.44', '0.61', '0.75', '0.85', '0.88', '0.85', '0.75', '0.61', '0.44', '0.24', '0.07', '2021-04-14 00:55:57', '2021-05-01 05:17:23'),
(115, 16, 7, '0.07', '0.22', '0.41', '0.58', '0.71', '0.8', '0.83', '0.8', '0.71', '0.58', '0.41', '0.22', '0.07', '2021-04-14 00:55:57', '2021-05-01 05:17:40'),
(116, 16, 8, '0.05', '0.22', '0.4', '0.58', '0.73', '0.83', '0.86', '0.83', '0.73', '0.58', '0.4', '0.22', '0.05', '2021-04-14 00:55:57', '2021-05-01 05:18:37'),
(117, 16, 9, '0.01', '0.16', '0.36', '0.55', '0.72', '0.81', '0.85', '0.81', '0.72', '0.55', '0.36', '0.16', '0.01', '2021-04-14 00:55:57', '2021-05-01 05:18:48'),
(118, 16, 10, '0', '0.11', '0.31', '0.5', '0.66', '0.75', '0.8', '0.75', '0.66', '0.5', '0.31', '0.11', '0', '2021-04-14 00:55:57', '2021-05-01 05:18:57'),
(119, 16, 11, '0', '0.05', '0.23', '0.4', '0.55', '0.65', '0.69', '0.65', '0.55', '0.4', '0.23', '0.05', '0', '2021-04-14 00:55:57', '2021-05-01 05:19:08'),
(120, 16, 12, '0', '0', '0.14', '0.3', '0.44', '0.53', '0.57', '0.53', '0.44', '0.3', '0.14', '0', '0', '2021-04-14 00:55:57', '2021-05-01 05:19:18'),
(121, 17, 1, '0', '0', '0.2', '0.37', '0.52', '0.61', '0.65', '0.61', '0.52', '0.37', '0.2', '0', '0', '2021-04-14 00:56:21', '2021-05-01 05:19:42'),
(122, 17, 2, '0', '0.09', '0.24', '0.41', '0.57', '0.68', '0.71', '0.68', '0.57', '0.41', '0.24', '0.09', '0', '2021-04-14 00:56:21', '2021-05-01 05:19:52'),
(123, 17, 3, '0', '0.12', '0.29', '0.46', '0.59', '0.68', '0.72', '0.68', '0.59', '0.46', '0.29', '0.12', '0', '2021-04-14 00:56:21', '2021-05-01 05:20:00'),
(124, 17, 4, '0.03', '0.17', '0.36', '0.53', '0.66', '0.75', '0.78', '0.75', '0.66', '0.53', '0.36', '0.17', '0.03', '2021-04-14 00:56:21', '2021-05-01 05:20:09'),
(125, 17, 5, '0.06', '0.23', '0.41', '0.58', '0.73', '0.83', '0.86', '0.83', '0.73', '0.58', '0.41', '0.23', '0.06', '2021-04-14 00:56:21', '2021-05-01 05:20:19'),
(126, 17, 6, '0.08', '0.25', '0.43', '0.61', '0.77', '0.86', '0.89', '0.86', '0.77', '0.61', '0.43', '0.25', '0.08', '2021-04-14 00:56:21', '2021-05-01 05:20:33'),
(127, 17, 7, '0.08', '0.24', '0.41', '0.6', '0.75', '0.83', '0.87', '0.83', '0.75', '0.6', '0.41', '0.24', '0.08', '2021-04-14 00:56:21', '2021-05-01 05:20:45'),
(128, 17, 8, '0.04', '0.23', '0.42', '0.59', '0.76', '0.85', '0.89', '0.85', '0.76', '0.59', '0.42', '0.23', '0.04', '2021-04-14 00:56:21', '2021-05-01 05:21:17'),
(129, 17, 9, '0.01', '0.2', '0.42', '0.62', '0.78', '0.91', '0.94', '0.91', '0.78', '0.62', '0.42', '0.2', '0.01', '2021-04-14 00:56:21', '2021-05-01 05:21:33'),
(130, 17, 10, '0', '0.16', '0.37', '0.6', '0.78', '0.89', '0.93', '0.89', '0.78', '0.6', '0.37', '0.16', '0', '2021-04-14 00:56:21', '2021-05-01 05:21:42'),
(131, 17, 11, '0', '0.08', '0.28', '0.48', '0.64', '0.74', '0.78', '0.74', '0.64', '0.48', '0.28', '0.08', '0', '2021-04-14 00:56:21', '2021-05-01 05:21:54'),
(132, 17, 12, '0', '0', '0.17', '0.35', '0.49', '0.58', '0.62', '0.58', '0.49', '0.35', '0.17', '0', '0', '2021-04-14 00:56:21', '2021-05-01 05:22:04'),
(133, 18, 1, '0', '0', '0.2', '0.37', '0.52', '0.61', '0.65', '0.61', '0.52', '0.37', '0.2', '0', '0', '2021-04-14 00:57:11', '2021-05-01 05:22:27'),
(134, 18, 2, '0', '0.09', '0.24', '0.41', '0.57', '0.68', '0.71', '0.68', '0.57', '0.41', '0.24', '0.09', '0', '2021-04-14 00:57:11', '2021-05-01 05:22:38'),
(135, 18, 3, '0', '0.12', '0.29', '0.46', '0.59', '0.68', '0.72', '0.68', '0.59', '0.46', '0.29', '0.12', '0', '2021-04-14 00:57:11', '2021-05-01 05:22:48'),
(136, 18, 4, '0.03', '0.17', '0.36', '0.53', '0.66', '0.75', '0.78', '0.75', '0.66', '0.53', '0.36', '0.17', '0.03', '2021-04-14 00:57:11', '2021-05-01 05:23:00'),
(137, 18, 5, '0.06', '0.23', '0.41', '0.58', '0.73', '0.83', '0.86', '0.83', '0.73', '0.56', '0.41', '0.23', '0.06', '2021-04-14 00:57:11', '2021-05-01 05:23:12'),
(138, 18, 6, '0.08', '0.25', '0.43', '0.61', '0.77', '0.86', '0.89', '0.86', '0.77', '0.61', '0.43', '0.25', '0.08', '2021-04-14 00:57:11', '2021-05-01 05:23:29'),
(139, 18, 7, '0.06', '0.24', '0.41', '0.6', '0.75', '0.83', '0.87', '0.83', '0.75', '0.6', '0.41', '0.24', '0.06', '2021-04-14 00:57:11', '2021-05-01 05:23:44'),
(140, 18, 8, '0.04', '0.23', '0.42', '0.59', '0.76', '0.85', '0.89', '0.85', '0.76', '0.59', '0.42', '0.23', '0.04', '2021-04-14 00:57:11', '2021-05-01 05:23:59'),
(141, 18, 9, '0.01', '0.2', '0.42', '0.62', '0.78', '0.91', '0.94', '0.91', '0.78', '0.62', '0.42', '0.2', '0.01', '2021-04-14 00:57:11', '2021-05-01 05:24:12'),
(142, 18, 10, '0', '0.16', '0.37', '0.6', '0.78', '0.89', '0.93', '0.89', '0.78', '0.6', '0.37', '0.16', '0', '2021-04-14 00:57:11', '2021-05-01 05:24:24'),
(143, 18, 11, '0', '0.08', '0.28', '0.48', '0.64', '0.74', '0.78', '0.74', '0.64', '0.48', '0.28', '0.08', '0', '2021-04-14 00:57:11', '2021-05-01 05:24:47'),
(144, 18, 12, '0', '0', '0.17', '0.35', '0.49', '0.58', '0.62', '0.58', '0.49', '0.35', '0.17', '0', '0', '2021-04-14 00:57:11', '2021-05-01 05:24:59'),
(145, 19, 1, '0', '0', '0.2', '0.37', '0.52', '0.62', '0.65', '0.62', '0.52', '0.37', '0.2', '0', '0', '2021-04-14 00:57:38', '2021-05-01 05:25:41'),
(146, 19, 2, '0', '0.09', '0.25', '0.43', '0.6', '0.71', '0.74', '0.71', '0.6', '0.43', '0.25', '0.09', '0', '2021-04-14 00:57:38', '2021-05-01 05:25:50'),
(147, 19, 3, '0', '0.13', '0.32', '0.51', '0.65', '0.75', '0.79', '0.75', '0.65', '0.51', '0.32', '0.13', '0', '2021-04-14 00:57:38', '2021-05-01 05:26:04'),
(148, 19, 4, '0.03', '0.18', '0.37', '0.56', '0.7', '0.78', '0.82', '0.78', '0.7', '0.56', '0.37', '0.18', '0.03', '2021-04-14 00:57:38', '2021-05-01 05:26:25'),
(149, 19, 5, '0.06', '0.23', '0.4', '0.57', '0.71', '0.81', '0.84', '0.81', '0.71', '0.57', '0.4', '0.23', '0.06', '2021-04-14 00:57:38', '2021-05-01 05:26:46'),
(150, 19, 6, '0.08', '0.23', '0.41', '0.58', '0.72', '0.81', '0.84', '0.81', '0.72', '0.58', '0.41', '0.23', '0.08', '2021-04-14 00:57:38', '2021-05-01 05:27:01'),
(151, 19, 7, '0.06', '0.23', '0.4', '0.58', '0.72', '0.8', '0.83', '0.8', '0.72', '0.58', '0.4', '0.23', '0.06', '2021-04-14 00:57:38', '2021-05-01 05:27:13'),
(152, 19, 8, '0.04', '0.22', '0.4', '0.58', '0.74', '0.83', '0.88', '0.83', '0.74', '0.58', '0.4', '0.22', '0.04', '2021-04-14 00:57:38', '2021-05-01 05:27:26'),
(153, 19, 9, '0.01', '0.19', '0.39', '0.59', '0.75', '0.86', '0.89', '0.86', '0.75', '0.59', '0.39', '0.19', '0.01', '2021-04-14 00:57:38', '2021-05-01 05:27:36'),
(154, 19, 10, '0', '0.13', '0.32', '0.52', '0.68', '0.81', '0.84', '0.81', '0.68', '0.52', '0.32', '0.13', '0', '2021-04-14 00:57:38', '2021-05-01 05:27:46'),
(155, 19, 11, '0', '0.06', '0.23', '0.42', '0.57', '0.66', '0.7', '0.66', '0.57', '0.42', '0.23', '0.06', '0', '2021-04-14 00:57:38', '2021-05-01 05:27:56'),
(156, 19, 12, '0', '0', '0.17', '0.35', '0.49', '0.58', '0.62', '0.58', '0.49', '0.35', '0.17', '0', '0', '2021-04-14 00:57:38', '2021-05-01 05:28:04'),
(157, 20, 1, '0', '0', '0.17', '0.33', '0.48', '0.57', '0.61', '0.57', '0.48', '0.33', '0.17', '0', '0', '2021-04-14 00:57:57', '2021-05-01 05:28:29'),
(158, 20, 2, '0', '0.07', '0.24', '0.41', '0.55', '0.65', '0.68', '0.65', '0.55', '0.41', '0.24', '0.07', '0', '2021-04-14 00:57:57', '2021-05-01 05:28:37'),
(159, 20, 3, '0', '0.11', '0.29', '0.46', '0.61', '0.69', '0.73', '0.69', '0.61', '0.46', '0.29', '0.11', '0', '2021-04-14 00:57:57', '2021-05-01 05:28:44'),
(160, 20, 4, '0.03', '0.17', '0.36', '0.53', '0.68', '0.77', '0.8', '0.77', '0.68', '0.53', '0.36', '0.17', '0', '2021-04-14 00:57:57', '2021-05-01 05:28:51'),
(161, 20, 5, '0.06', '0.22', '0.4', '0.57', '0.71', '0.8', '0.83', '0.8', '0.71', '0.57', '0.4', '0.22', '0.06', '2021-04-14 00:57:57', '2021-05-01 05:29:00'),
(162, 20, 6, '0.07', '0.23', '0.41', '0.58', '0.71', '0.81', '0.84', '0.81', '0.71', '0.58', '0.41', '0.23', '0.07', '2021-04-14 00:57:57', '2021-05-01 05:29:13'),
(163, 20, 7, '0.07', '0.22', '0.4', '0.59', '0.73', '0.82', '0.85', '0.82', '0.73', '0.59', '0.4', '0.22', '0.07', '2021-04-14 00:57:57', '2021-05-01 05:29:25'),
(164, 20, 8, '0.06', '0.22', '0.4', '0.58', '0.72', '0.82', '0.85', '0.82', '0.72', '0.58', '0.4', '0.22', '0.06', '2021-04-14 00:57:57', '2021-05-01 05:29:38'),
(165, 20, 9, '0.01', '0.19', '0.39', '0.58', '0.74', '0.85', '0.89', '0.85', '0.74', '0.58', '0.39', '0.19', '0.01', '2021-04-14 00:57:57', '2021-05-01 05:29:49'),
(166, 20, 10, '0', '0.12', '0.32', '0.53', '0.69', '0.78', '0.84', '0.78', '0.69', '0.53', '0.32', '0.12', '0.01', '2021-04-14 00:57:57', '2021-05-01 05:29:58'),
(167, 20, 11, '0', '0.05', '0.22', '0.41', '0.56', '0.65', '0.69', '0.65', '0.56', '0.41', '0.22', '0.05', '0', '2021-04-14 00:57:57', '2021-05-01 05:30:06'),
(168, 20, 12, '0', '0', '0.16', '0.32', '0.45', '0.56', '0.6', '0.56', '0.45', '0.32', '0.16', '0', '0', '2021-04-14 00:57:57', '2021-05-01 05:30:14'),
(169, 21, 1, '0', '0', '0.21', '0.4', '0.56', '0.66', '0.7', '0.66', '0.56', '0.4', '0.21', '0', '0', '2021-04-14 01:15:20', '2021-05-01 05:30:45'),
(170, 21, 2, '0', '0.09', '0.27', '0.44', '0.62', '0.72', '0.75', '0.72', '0.62', '0.44', '0.27', '0.09', '0', '2021-04-14 01:15:20', '2021-05-01 05:30:53'),
(171, 21, 3, '0', '0.13', '0.31', '0.49', '0.63', '0.73', '0.76', '0.73', '0.63', '0.49', '0.31', '0.13', '0', '2021-04-14 01:15:20', '2021-05-01 05:31:00'),
(172, 21, 4, '0.03', '0.18', '0.38', '0.56', '0.7', '0.8', '0.84', '0.8', '0.7', '0.56', '0.38', '0.18', '0.03', '2021-04-14 01:15:20', '2021-05-01 05:31:14'),
(173, 21, 5, '0.05', '0.23', '0.43', '0.63', '0.77', '0.87', '0.9', '0.87', '0.77', '0.63', '0.43', '0.23', '0.05', '2021-04-14 01:15:20', '2021-05-01 05:31:28'),
(174, 21, 6, '0.06', '0.23', '0.45', '0.61', '0.77', '0.86', '0.9', '0.86', '0.77', '0.61', '0.45', '0.23', '0.06', '2021-04-14 01:15:20', '2021-05-01 05:31:39'),
(175, 21, 7, '0.06', '0.23', '0.41', '0.6', '0.73', '0.83', '0.86', '0.83', '0.73', '0.6', '0.41', '0.23', '0.06', '2021-04-14 01:15:20', '2021-05-01 05:31:49'),
(176, 21, 8, '0.05', '0.22', '0.41', '0.61', '0.74', '0.84', '0.87', '0.84', '0.74', '0.61', '0.41', '0.22', '0.05', '2021-04-14 01:15:20', '2021-05-01 05:31:59'),
(177, 21, 9, '0.01', '0.21', '0.42', '0.63', '0.8', '0.92', '0.95', '0.92', '0.8', '0.63', '0.42', '0.21', '0.01', '2021-04-14 01:15:20', '2021-05-01 05:32:13'),
(178, 21, 10, '0', '0.17', '0.4', '0.63', '0.8', '0.91', '0.95', '0.91', '0.8', '0.63', '0.4', '0.17', '0.01', '2021-04-14 01:15:20', '2021-05-01 05:32:23'),
(179, 21, 11, '0', '0.1', '0.3', '0.53', '0.7', '0.82', '0.86', '0.82', '0.7', '0.53', '0.3', '0.1', '0', '2021-04-14 01:15:20', '2021-05-01 05:32:33'),
(180, 21, 12, '0', '0', '0.21', '0.39', '0.56', '0.65', '0.69', '0.65', '0.56', '0.39', '0.21', '0', '0', '2021-04-14 01:15:20', '2021-05-01 05:32:45'),
(181, 22, 1, '0', '0', '0.21', '0.39', '0.55', '0.65', '0.68', '0.65', '0.55', '0.39', '0.21', '0', '0', '2021-04-14 01:17:49', '2021-05-01 05:33:28'),
(182, 22, 2, '0', '0.09', '0.27', '0.45', '0.62', '0.72', '0.75', '0.72', '0.62', '0.45', '0.27', '0.09', '0', '2021-04-14 01:17:49', '2021-05-01 05:33:36'),
(183, 22, 3, '0', '0.14', '0.32', '0.51', '0.67', '0.76', '0.8', '0.76', '0.67', '0.51', '0.32', '0.14', '0', '2021-04-14 01:17:49', '2021-05-01 05:33:45'),
(184, 22, 4, '0.03', '0.18', '0.39', '0.57', '0.72', '0.82', '0.85', '0.82', '0.72', '0.57', '0.39', '0.18', '0.03', '2021-04-14 01:17:49', '2021-05-01 05:33:54'),
(185, 22, 5, '0.06', '0.22', '0.42', '0.6', '0.75', '0.84', '0.87', '0.84', '0.75', '0.6', '0.42', '0.22', '0.06', '2021-04-14 01:17:49', '2021-05-01 05:34:05'),
(186, 22, 6, '0.06', '0.23', '0.43', '0.6', '0.75', '0.84', '0.87', '0.84', '0.75', '0.6', '0.43', '0.23', '0.06', '2021-04-14 01:17:49', '2021-05-01 05:34:17'),
(187, 22, 7, '0.06', '0.23', '0.41', '0.59', '0.73', '0.83', '0.86', '0.83', '0.73', '0.59', '0.41', '0.23', '0.06', '2021-04-14 01:17:49', '2021-05-01 05:34:29'),
(188, 22, 8, '0.05', '0.22', '0.41', '0.61', '0.74', '0.84', '0.88', '0.84', '0.74', '0.61', '0.41', '0.22', '0.05', '2021-04-14 01:17:49', '2021-05-01 05:34:41'),
(189, 22, 9, '0.01', '0.2', '0.41', '0.61', '0.78', '0.89', '0.92', '0.89', '0.78', '0.61', '0.41', '0.2', '0.01', '2021-04-14 01:17:49', '2021-05-01 05:35:04'),
(190, 22, 10, '0', '0.15', '0.37', '0.59', '0.75', '0.86', '0.9', '0.86', '0.75', '0.59', '0.37', '0.15', '0', '2021-04-14 01:17:49', '2021-05-01 05:35:12'),
(191, 22, 11, '0', '0.09', '0.28', '0.48', '0.65', '0.77', '0.8', '0.77', '0.65', '0.48', '0.28', '0.09', '0', '2021-04-14 01:17:49', '2021-05-01 05:35:21'),
(192, 22, 12, '0', '0', '0.21', '0.39', '0.56', '0.65', '0.69', '0.65', '0.56', '0.39', '0.21', '0', '0', '2021-04-14 01:17:49', '2021-05-01 05:35:30'),
(193, 23, 1, '0', '0.07', '0.26', '0.47', '0.65', '0.75', '0.79', '0.75', '0.65', '0.47', '0.26', '0.07', '0', '2021-04-14 01:18:21', '2021-05-01 05:36:13'),
(194, 23, 2, '0', '0.13', '0.34', '0.53', '0.7', '0.83', '0.87', '0.83', '0.7', '0.53', '0.34', '0.13', '0', '2021-04-14 01:18:21', '2021-05-01 05:36:20'),
(195, 23, 3, '0', '0.16', '0.38', '0.56', '0.74', '0.84', '0.88', '0.84', '0.74', '0.56', '0.38', '0.16', '0', '2021-04-14 01:18:21', '2021-05-01 05:36:32'),
(196, 23, 4, '0.03', '0.19', '0.38', '0.58', '0.72', '0.83', '0.86', '0.83', '0.72', '0.58', '0.38', '0.19', '0.03', '2021-04-14 01:18:21', '2021-05-01 05:36:42'),
(197, 23, 5, '0.06', '0.22', '0.4', '0.58', '0.71', '0.81', '0.84', '0.81', '0.71', '0.58', '0.4', '0.22', '0.06', '2021-04-14 01:18:21', '2021-05-01 05:36:52'),
(198, 23, 6, '0.06', '0.23', '0.42', '0.58', '0.72', '0.81', '0.84', '0.81', '0.71', '0.58', '0.42', '0.23', '0.06', '2021-04-14 01:18:21', '2021-05-01 05:37:06'),
(199, 23, 7, '0.06', '0.21', '0.39', '0.57', '0.7', '0.79', '0.81', '0.79', '0.7', '0.57', '0.39', '0.21', '0.06', '2021-04-14 01:18:21', '2021-05-01 05:37:27'),
(200, 23, 8, '0.05', '0.2', '0.4', '0.58', '0.72', '0.81', '0.85', '0.81', '0.72', '0.58', '0.4', '0.2', '0.05', '2021-04-14 01:18:21', '2021-05-01 05:37:38'),
(201, 23, 9, '0.01', '0.18', '0.38', '0.58', '0.73', '0.84', '0.87', '0.84', '0.73', '0.58', '0.38', '0.18', '0.01', '2021-04-14 01:18:21', '2021-05-01 05:38:28'),
(202, 23, 10, '0', '0.15', '0.36', '0.57', '0.75', '0.84', '0.89', '0.84', '0.75', '0.57', '0.36', '0.15', '0', '2021-04-14 01:18:21', '2021-05-01 05:38:38'),
(203, 23, 11, '0', '0.09', '0.27', '0.48', '0.63', '0.74', '0.79', '0.74', '0.63', '0.48', '0.27', '0.09', '0', '2021-04-14 01:18:21', '2021-05-01 05:38:52'),
(204, 23, 12, '0', '0', '0.23', '0.42', '0.58', '0.68', '0.71', '0.68', '0.58', '0.42', '0.23', '0', '0', '2021-04-14 01:18:21', '2021-05-01 05:39:01'),
(205, 24, 1, '0', '0', '0.2', '0.37', '0.52', '0.62', '0.65', '0.62', '0.52', '0.37', '0.2', '0', '0', '2021-04-14 01:19:02', '2021-05-01 05:39:23'),
(206, 24, 2, '0', '0.09', '0.25', '0.43', '0.6', '0.71', '0.74', '0.71', '0.6', '0.43', '0.25', '0.09', '0', '2021-04-14 01:19:02', '2021-05-01 05:39:31'),
(207, 24, 3, '0', '0.13', '0.32', '0.51', '0.65', '0.75', '0.79', '0.75', '0.65', '0.51', '0.32', '0.13', '0', '2021-04-14 01:19:02', '2021-05-01 05:39:39'),
(208, 24, 4, '0.03', '0.18', '0.37', '0.56', '0.7', '0.78', '0.82', '0.78', '0.7', '0.56', '0.37', '0.18', '0.03', '2021-04-14 01:19:02', '2021-05-01 05:39:53'),
(209, 24, 5, '0.06', '0.23', '0.4', '0.57', '0.71', '0.81', '0.84', '0.81', '0.71', '0.57', '0.4', '0.23', '0.06', '2021-04-14 01:19:02', '2021-05-01 05:40:25'),
(210, 24, 6, '0.08', '0.23', '0.41', '0.58', '0.72', '0.81', '0.84', '0.81', '0.72', '0.58', '0.41', '0.23', '0.08', '2021-04-14 01:19:02', '2021-05-01 05:40:39'),
(211, 24, 7, '0.06', '0.23', '0.4', '0.58', '0.72', '0.8', '0.83', '0.8', '0.72', '0.58', '0.4', '0.23', '0.06', '2021-04-14 01:19:02', '2021-05-01 05:40:57'),
(212, 24, 8, '0.04', '0.22', '0.4', '0.58', '0.74', '0.83', '0.88', '0.83', '0.74', '0.58', '0.4', '0.22', '0.04', '2021-04-14 01:19:02', '2021-05-01 05:41:09'),
(213, 24, 9, '0.01', '0.19', '0.39', '0.59', '0.75', '0.86', '0.89', '0.86', '0.75', '0.59', '0.39', '0.19', '0.01', '2021-04-14 01:19:02', '2021-05-01 05:41:22'),
(214, 24, 10, '0', '0.13', '0.32', '0.52', '0.68', '0.81', '0.84', '0.81', '0.68', '0.52', '0.32', '0.13', '0', '2021-04-14 01:19:02', '2021-05-01 05:41:39'),
(215, 24, 11, '0', '0.06', '0.23', '0.42', '0.57', '0.66', '0.7', '0.66', '0.57', '0.42', '0.23', '0.06', '0', '2021-04-14 01:19:02', '2021-05-01 05:41:46'),
(216, 24, 12, '0', '0', '0.17', '0.35', '0.49', '0.58', '0.62', '0.58', '0.49', '0.35', '0.17', '0', '0', '2021-04-14 01:19:02', '2021-05-01 05:41:53'),
(217, 25, 1, '0', '0', '0.17', '0.33', '0.48', '0.57', '0.61', '0.57', '0.48', '0.33', '0.17', '0', '0', '2021-04-14 01:19:52', '2021-05-01 05:44:43'),
(218, 25, 2, '0', '0.07', '0.24', '0.41', '0.55', '0.65', '0.68', '0.65', '0.55', '0.41', '0.24', '0.07', '0', '2021-04-14 01:19:52', '2021-05-01 05:44:53'),
(219, 25, 3, '0', '0.11', '0.29', '0.46', '0.61', '0.69', '0.73', '0.69', '0.61', '0.46', '0.29', '0.11', '0', '2021-04-14 01:19:52', '2021-05-01 05:44:59'),
(220, 25, 4, '0.03', '0.17', '0.36', '0.53', '0.68', '0.77', '0.8', '0.77', '0.68', '0.53', '0.36', '0.17', '0.03', '2021-04-14 01:19:52', '2021-05-01 05:45:07'),
(221, 25, 5, '0.06', '0.22', '0.4', '0.57', '0.71', '0.8', '0.83', '0.8', '0.71', '0.57', '0.4', '0.22', '0.06', '2021-04-14 01:19:52', '2021-05-01 05:45:20'),
(222, 25, 6, '0.07', '0.23', '0.41', '0.58', '0.71', '0.81', '0.84', '0.81', '0.71', '0.58', '0.41', '0.23', '0.07', '2021-04-14 01:19:52', '2021-05-01 05:45:31'),
(223, 25, 7, '0.06', '0.22', '0.4', '0.59', '0.73', '0.82', '0.85', '0.82', '0.73', '0.59', '0.4', '0.22', '0.06', '2021-04-14 01:19:52', '2021-05-01 05:45:41'),
(224, 25, 8, '0.06', '0.22', '0.4', '0.58', '0.72', '0.82', '0.85', '0.82', '0.72', '0.58', '0.4', '0.22', '0.06', '2021-04-14 01:19:52', '2021-05-01 05:46:07'),
(225, 25, 9, '0.01', '0.19', '0.39', '0.58', '0.74', '0.85', '0.89', '0.85', '0.74', '0.58', '0.39', '0.19', '0.01', '2021-04-14 01:19:52', '2021-05-01 05:46:20'),
(226, 25, 10, '0', '0.12', '0.32', '0.53', '0.69', '0.78', '0.84', '0.78', '0.69', '0.53', '0.32', '0.12', '0', '2021-04-14 01:19:52', '2021-05-01 05:46:29'),
(227, 25, 11, '0', '0.05', '0.22', '0.41', '0.56', '0.65', '0.69', '0.65', '0.56', '0.41', '0.22', '0.05', '0', '2021-04-14 01:19:52', '2021-05-01 05:46:38'),
(228, 25, 12, '0', '0', '0.16', '0.32', '0.45', '0.56', '0.6', '0.56', '0.45', '0.32', '0.16', '0', '0', '2021-04-14 01:19:52', '2021-05-01 05:46:48'),
(229, 26, 1, '0', '0.07', '0.26', '0.47', '0.65', '0.75', '0.79', '0.75', '0.65', '0.47', '0.26', '0.07', '0', '2021-04-14 01:20:19', '2021-05-01 05:47:30'),
(230, 26, 2, '0', '0.13', '0.34', '0.53', '0.69', '0.83', '0.86', '0.83', '0.69', '0.53', '0.34', '0.13', '0', '2021-04-14 01:20:19', '2021-05-01 05:47:37'),
(231, 26, 3, '0', '0.16', '0.38', '0.57', '0.75', '0.85', '0.89', '0.85', '0.75', '0.59', '0.38', '0.16', '0', '2021-04-14 01:20:19', '2021-05-01 05:47:46'),
(232, 26, 4, '0.03', '0.2', '0.39', '0.6', '0.74', '0.84', '0.88', '0.84', '0.74', '0.6', '0.39', '0.2', '0.03', '2021-04-14 01:20:19', '2021-05-01 05:47:56'),
(233, 26, 5, '0.06', '0.22', '0.4', '0.59', '0.72', '0.82', '0.85', '0.82', '0.72', '0.59', '0.4', '0.22', '0.06', '2021-04-14 01:20:19', '2021-05-01 05:48:11'),
(234, 26, 6, '0.06', '0.23', '0.42', '0.58', '0.73', '0.81', '0.84', '0.81', '0.73', '0.58', '0.42', '0.23', '0.06', '2021-04-14 01:20:19', '2021-05-01 05:48:21'),
(235, 26, 7, '0.06', '0.21', '0.39', '0.56', '0.69', '0.78', '0.81', '0.78', '0.69', '0.56', '0.39', '0.21', '0.06', '2021-04-14 01:20:19', '2021-05-01 05:48:31'),
(236, 26, 8, '0.05', '0.2', '0.39', '0.57', '0.71', '0.81', '0.84', '0.81', '0.71', '0.57', '0.39', '0.2', '0.05', '2021-04-14 01:20:19', '2021-05-01 05:48:41'),
(237, 26, 9, '0.01', '0.18', '0.37', '0.57', '0.72', '0.82', '0.85', '0.82', '0.72', '0.57', '0.37', '0.18', '0.01', '2021-04-14 01:20:19', '2021-05-01 05:48:52'),
(238, 26, 10, '0', '0.15', '0.36', '0.57', '0.74', '0.84', '0.89', '0.84', '0.74', '0.57', '0.36', '0.15', '0', '2021-04-14 01:20:19', '2021-05-01 05:49:13'),
(239, 26, 11, '0', '0.09', '0.27', '0.48', '0.63', '0.74', '0.79', '0.74', '0.63', '0.48', '0.27', '0.09', '0', '2021-04-14 01:20:19', '2021-05-01 05:49:22'),
(240, 26, 12, '0', '0', '0.24', '0.44', '0.6', '0.7', '0.74', '0.7', '0.6', '0.44', '0.24', '0', '0', '2021-04-14 01:20:19', '2021-05-01 05:49:29'),
(241, 27, 1, '0', '0', '0.19', '0.35', '0.48', '0.59', '0.65', '0.59', '0.48', '0.35', '0.19', '0', '0', '2021-04-14 01:21:02', '2021-05-01 05:50:02'),
(242, 27, 2, '0', '0.07', '0.24', '0.39', '0.55', '0.63', '0.65', '0.63', '0.55', '0.39', '0.24', '0.07', '0', '2021-04-14 01:21:02', '2021-05-01 05:50:12'),
(243, 27, 3, '0', '0.12', '0.3', '0.46', '0.56', '0.66', '0.71', '0.66', '0.56', '0.46', '0.3', '0.12', '0', '2021-04-14 01:21:02', '2021-05-01 05:50:18'),
(244, 27, 4, '0.03', '0.17', '0.35', '0.48', '0.63', '0.72', '0.74', '0.72', '0.63', '0.48', '0.35', '0.17', '0.03', '2021-04-14 01:21:02', '2021-05-01 05:50:28'),
(245, 27, 5, '0.06', '0.21', '0.39', '0.58', '0.68', '0.77', '0.79', '0.77', '0.68', '0.58', '0.39', '0.21', '0.06', '2021-04-14 01:21:02', '2021-05-01 05:50:48'),
(246, 27, 6, '0.07', '0.24', '0.45', '0.6', '0.74', '0.84', '0.89', '0.84', '0.74', '0.6', '0.45', '0.24', '0.07', '2021-04-14 01:21:02', '2021-05-01 05:51:58'),
(247, 27, 7, '0.06', '0.23', '0.43', '0.6', '0.77', '0.86', '0.9', '0.86', '0.77', '0.6', '0.43', '0.23', '0.06', '2021-04-14 01:21:02', '2021-05-01 05:52:15'),
(248, 27, 8, '0.06', '0.25', '0.43', '0.6', '0.78', '0.89', '0.92', '0.89', '0.78', '0.6', '0.43', '0.25', '0.06', '2021-04-14 01:21:02', '2021-05-01 05:52:28'),
(249, 27, 9, '0.01', '0.22', '0.41', '0.61', '0.7', '0.89', '0.93', '0.89', '0.7', '0.61', '0.41', '0.22', '0.01', '2021-04-14 01:21:02', '2021-05-01 05:52:50'),
(250, 27, 10, '0', '0.12', '0.3', '0.56', '0.72', '0.83', '0.86', '0.83', '0.72', '0.56', '0.3', '0.12', '0', '2021-04-14 01:21:02', '2021-05-01 05:53:00'),
(251, 27, 11, '0', '0.06', '0.25', '0.44', '0.6', '0.69', '0.75', '0.69', '0.6', '0.44', '0.25', '0.06', '0', '2021-04-14 01:21:02', '2021-05-01 05:53:09'),
(252, 27, 12, '0', '0', '0.18', '0.33', '0.47', '0.56', '0.6', '0.56', '0.47', '0.33', '0.18', '0', '0', '2021-04-14 01:21:02', '2021-05-01 05:53:19'),
(253, 28, 1, '0', '0', '0.15', '0.31', '0.44', '0.52', '0.56', '0.52', '0.44', '0.31', '0.15', '0', '0', '2021-04-14 01:21:30', '2021-05-01 05:54:24'),
(254, 28, 2, '0', '0.05', '0.2', '0.35', '0.47', '0.56', '0.59', '0.56', '0.47', '0.35', '0.2', '0.05', '0', '2021-04-14 01:21:30', '2021-05-01 05:54:46'),
(255, 28, 3, '0', '0.09', '0.25', '0.4', '0.54', '0.61', '0.64', '0.61', '0.54', '0.4', '0.25', '0.09', '0', '2021-04-14 01:21:30', '2021-05-01 05:54:57'),
(256, 28, 4, '0.03', '0.14', '0.3', '0.44', '0.56', '0.64', '0.66', '0.64', '0.56', '0.44', '0.3', '0.14', '0.03', '2021-04-14 01:21:30', '2021-05-01 05:54:00'),
(257, 28, 5, '0.06', '0.2', '0.35', '0.51', '0.63', '0.71', '0.74', '0.71', '0.63', '0.51', '0.35', '0.2', '0.06', '2021-04-14 01:21:30', '2021-05-01 05:56:50'),
(258, 28, 6, '0.07', '0.23', '0.4', '0.57', '0.7', '0.8', '0.83', '0.8', '0.7', '0.57', '0.4', '0.23', '0.07', '2021-04-14 01:21:30', '2021-05-01 05:57:01'),
(259, 28, 7, '0.06', '0.23', '0.42', '0.6', '0.76', '0.85', '0.87', '0.85', '0.76', '0.6', '0.42', '0.23', '0.06', '2021-04-14 01:21:30', '2021-05-01 05:57:14'),
(260, 28, 8, '0.06', '0.23', '0.43', '0.62', '0.77', '0.88', '0.92', '0.88', '0.77', '0.62', '0.43', '0.23', '0.06', '2021-04-14 01:21:30', '2021-05-01 05:57:23'),
(261, 28, 9, '0.01', '0.21', '0.41', '0.61', '0.77', '0.89', '0.93', '0.89', '0.77', '0.61', '0.41', '0.21', '0.01', '2021-04-14 01:21:30', '2021-05-01 05:57:33'),
(262, 28, 10, '0', '0.12', '0.32', '0.53', '0.69', '0.78', '0.84', '0.78', '0.69', '0.53', '0.32', '0.12', '0', '2021-04-14 01:21:30', '2021-05-01 05:57:43'),
(263, 28, 11, '0', '0.05', '0.21', '0.4', '0.55', '0.64', '0.68', '0.64', '0.55', '0.4', '0.21', '0.05', '0', '2021-04-14 01:21:30', '2021-05-01 05:57:52'),
(264, 28, 12, '0', '0', '0.14', '0.3', '0.43', '0.52', '0.55', '0.52', '0.43', '0.3', '0.14', '0', '0', '2021-04-14 01:21:30', '2021-05-01 05:58:00'),
(265, 29, 1, '0', '0', '0.24', '0.42', '0.58', '0.68', '0.72', '0.68', '0.58', '0.42', '0.24', '0', '0', '2021-04-14 01:21:57', '2021-05-01 05:58:23'),
(266, 29, 2, '0', '0.09', '0.26', '0.44', '0.6', '0.72', '0.75', '0.72', '0.6', '0.44', '0.26', '0.09', '0', '2021-04-14 01:21:57', '2021-05-01 05:58:29'),
(267, 29, 3, '0', '0.14', '0.33', '0.51', '0.66', '0.76', '0.8', '0.76', '0.66', '0.51', '0.33', '0.14', '0', '2021-04-14 01:21:57', '2021-05-01 05:58:35'),
(268, 29, 4, '0.03', '0.18', '0.37', '0.56', '0.7', '0.79', '0.82', '0.79', '0.7', '0.56', '0.37', '0.18', '0.03', '2021-04-14 01:21:57', '2021-05-01 05:58:44'),
(269, 29, 5, '0.06', '0.24', '0.41', '0.59', '0.73', '0.83', '0.87', '0.83', '0.73', '0.59', '0.41', '0.24', '0.06', '2021-04-14 01:21:57', '2021-05-01 05:58:55'),
(270, 29, 6, '0.07', '0.25', '0.44', '0.61', '0.78', '0.87', '0.9', '0.87', '0.78', '0.61', '0.44', '0.25', '0.07', '2021-04-14 01:21:57', '2021-05-01 05:59:05'),
(271, 29, 7, '0.06', '0.24', '0.42', '0.6', '0.76', '0.84', '0.88', '0.84', '0.76', '0.6', '0.42', '0.24', '0.06', '2021-04-14 01:21:57', '2021-05-01 05:59:15'),
(272, 29, 8, '0.04', '0.22', '0.4', '0.57', '0.73', '0.82', '0.85', '0.82', '0.73', '0.57', '0.4', '0.22', '0.04', '2021-04-14 01:21:57', '2021-05-01 05:59:24'),
(273, 29, 9, '0.01', '0.19', '0.39', '0.58', '0.74', '0.85', '0.88', '0.85', '0.74', '0.58', '0.39', '0.19', '0.01', '2021-04-14 01:21:57', '2021-05-01 05:59:34'),
(274, 29, 10, '0', '0.09', '0.29', '0.5', '0.67', '0.77', '0.81', '0.77', '0.67', '0.5', '0.29', '0.09', '0', '2021-04-14 01:21:57', '2021-05-01 05:59:50'),
(275, 29, 11, '0', '0', '0.21', '0.41', '0.57', '0.67', '0.71', '0.67', '0.57', '0.41', '0.21', '0', '0', '2021-04-14 01:21:57', '2021-05-01 05:59:58'),
(276, 29, 12, '0', '0', '0.14', '0.3', '0.45', '0.53', '0.57', '0.53', '0.45', '0.3', '0.14', '0', '0', '2021-04-14 01:21:57', '2021-05-01 06:00:08'),
(277, 30, 1, '0', '0', '0.17', '0.33', '0.45', '0.57', '0.6', '0.57', '0.45', '0.33', '0.17', '0', '0', '2021-04-14 01:22:28', '2021-05-01 06:00:42'),
(278, 30, 2, '0', '0.07', '0.22', '0.39', '0.53', '0.63', '0.67', '0.63', '0.53', '0.39', '0.22', '0.07', '0', '2021-04-14 01:22:28', '2021-05-01 06:00:47'),
(279, 30, 3, '0', '0.11', '0.28', '0.45', '0.58', '0.68', '0.7', '0.68', '0.58', '0.45', '0.28', '0.11', '0', '2021-04-14 01:22:28', '2021-05-01 06:00:57'),
(280, 30, 4, '0.03', '0.17', '0.34', '0.52', '0.66', '0.75', '0.78', '0.75', '0.66', '0.52', '0.34', '0.17', '0.03', '2021-04-14 01:22:28', '2021-05-01 06:01:05'),
(281, 30, 5, '0.06', '0.21', '0.39', '0.56', '0.69', '0.77', '0.81', '0.77', '0.69', '0.56', '0.39', '0.21', '0.06', '2021-04-14 01:22:28', '2021-05-01 06:01:16'),
(282, 30, 6, '0.07', '0.25', '0.44', '0.62', '0.76', '0.86', '0.89', '0.86', '0.76', '0.62', '0.44', '0.25', '0.07', '2021-04-14 01:22:28', '2021-05-01 06:01:26'),
(283, 30, 7, '0.07', '0.23', '0.44', '0.62', '0.76', '0.86', '0.89', '0.86', '0.76', '0.62', '0.44', '0.23', '0.07', '2021-04-14 01:22:28', '2021-05-01 06:01:38'),
(284, 30, 8, '0.05', '0.22', '0.41', '0.59', '0.75', '0.85', '0.88', '0.85', '0.75', '0.59', '0.41', '0.22', '0.05', '2021-04-14 01:22:28', '2021-05-01 06:01:52'),
(285, 30, 9, '0.01', '0.17', '0.37', '0.57', '0.73', '0.84', '0.88', '0.84', '0.73', '0.57', '0.37', '0.17', '0.01', '2021-04-14 01:22:28', '2021-05-01 06:02:50'),
(286, 30, 10, '0', '0.12', '0.33', '0.53', '0.69', '0.79', '0.82', '0.79', '0.69', '0.53', '0.33', '0.12', '0', '2021-04-14 01:22:28', '2021-05-01 06:02:59'),
(287, 30, 11, '0', '0.05', '0.23', '0.4', '0.56', '0.66', '0.7', '0.66', '0.56', '0.4', '0.23', '0.05', '0', '2021-04-14 01:22:28', '2021-05-01 06:03:07'),
(288, 30, 12, '0', '0', '0.14', '0.3', '0.45', '0.53', '0.57', '0.53', '0.45', '0.3', '0.14', '0', '0', '2021-04-14 01:22:28', '2021-05-01 06:03:15'),
(289, 31, 1, '0', '0', '0.22', '0.4', '0.57', '0.68', '0.72', '0.68', '0.57', '0.4', '0.22', '0', '0', '2021-04-14 01:23:02', '2021-05-01 06:03:51'),
(290, 31, 2, '0', '0.08', '0.25', '0.44', '0.66', '0.72', '0.75', '0.72', '0.66', '0.44', '0.25', '0.08', '0', '2021-04-14 01:23:02', '2021-05-01 06:03:59'),
(291, 31, 3, '0', '0.15', '0.32', '0.51', '0.7', '0.76', '0.8', '0.76', '0.7', '0.51', '0.32', '0.15', '0', '2021-04-14 01:23:02', '2021-05-01 06:04:05'),
(292, 31, 4, '0.03', '0.19', '0.38', '0.56', '0.72', '0.79', '0.84', '0.79', '0.72', '0.56', '0.38', '0.19', '0.03', '2021-04-14 01:23:02', '2021-05-01 06:04:14'),
(293, 31, 5, '0.06', '0.25', '0.42', '0.58', '0.74', '0.83', '0.89', '0.83', '0.74', '0.58', '0.42', '0.25', '0.06', '2021-04-14 01:23:02', '2021-05-01 06:04:28'),
(294, 31, 6, '0.07', '0.25', '0.44', '0.64', '0.8', '0.88', '0.9', '0.88', '0.8', '0.64', '0.44', '0.25', '0.07', '2021-04-14 01:23:02', '2021-05-01 06:04:39'),
(295, 31, 7, '0.06', '0.24', '0.44', '0.62', '0.76', '0.85', '0.88', '0.85', '0.76', '0.62', '0.44', '0.24', '0.06', '2021-04-14 01:23:02', '2021-05-01 06:04:49'),
(296, 31, 8, '0.04', '0.23', '0.4', '0.58', '0.74', '0.82', '0.86', '0.82', '0.74', '0.58', '0.4', '0.23', '0.04', '2021-04-14 01:23:02', '2021-05-01 06:04:58'),
(297, 31, 9, '0.01', '0.2', '0.4', '0.59', '0.73', '0.85', '0.88', '0.85', '0.73', '0.59', '0.44', '0.2', '0.01', '2021-04-14 01:23:02', '2021-05-01 06:05:09'),
(298, 31, 10, '0', '0.16', '0.36', '0.58', '0.74', '0.86', '0.89', '0.86', '0.74', '0.58', '0.36', '0.16', '0', '2021-04-14 01:23:02', '2021-05-01 06:05:17'),
(299, 31, 11, '0', '0.09', '0.3', '0.52', '0.68', '0.77', '0.81', '0.77', '0.68', '0.52', '0.3', '0.09', '0', '2021-04-14 01:23:02', '2021-05-01 06:05:26'),
(300, 31, 12, '0', '0', '0.22', '0.43', '0.58', '0.67', '0.71', '0.67', '0.58', '0.43', '0.22', '0', '0', '2021-04-14 01:23:02', '2021-05-01 06:05:33'),
(301, 32, 1, '0', '0.07', '0.26', '0.47', '0.65', '0.75', '0.79', '0.75', '0.65', '0.47', '0.26', '0.07', '0', '2021-04-14 01:23:24', '2021-05-01 06:06:04'),
(302, 32, 2, '0', '0.13', '0.34', '0.53', '0.69', '0.83', '0.86', '0.83', '0.69', '0.53', '0.34', '0.13', '0', '2021-04-14 01:23:24', '2021-05-01 06:06:12'),
(303, 32, 3, '0', '0.16', '0.38', '0.57', '0.75', '0.85', '0.89', '0.85', '0.75', '0.57', '0.38', '0.16', '0', '2021-04-14 01:23:24', '2021-05-01 06:06:18'),
(304, 32, 4, '0.03', '0.2', '0.39', '0.6', '0.74', '0.84', '0.88', '0.84', '0.74', '0.6', '0.39', '0.2', '0.03', '2021-04-14 01:23:24', '2021-05-01 06:06:26'),
(305, 32, 5, '0.06', '0.22', '0.4', '0.59', '0.72', '0.82', '0.85', '0.82', '0.72', '0.59', '0.4', '0.22', '0.06', '2021-04-14 01:23:24', '2021-05-01 06:06:35'),
(306, 32, 6, '0.06', '0.23', '0.42', '0.58', '0.73', '0.81', '0.84', '0.81', '0.73', '0.58', '0.42', '0.23', '0.06', '2021-04-14 01:23:24', '2021-05-01 06:06:48'),
(307, 32, 7, '0.06', '0.21', '0.39', '0.56', '0.69', '0.78', '0.81', '0.78', '0.69', '0.56', '0.39', '0.21', '0.06', '2021-04-14 01:23:24', '2021-05-01 06:06:58'),
(308, 32, 8, '0.05', '0.2', '0.39', '0.57', '0.71', '0.81', '0.84', '0.81', '0.71', '0.57', '0.39', '0.2', '0.05', '2021-04-14 01:23:24', '2021-05-01 06:07:11'),
(309, 32, 9, '0.01', '0.18', '0.37', '0.57', '0.72', '0.82', '0.85', '0.82', '0.72', '0.57', '0.37', '0.18', '0.01', '2021-04-14 01:23:24', '2021-05-01 06:07:23'),
(310, 32, 10, '0', '0.15', '0.36', '0.57', '0.74', '0.84', '0.89', '0.84', '0.74', '0.57', '0.36', '0.15', '0', '2021-04-14 01:23:24', '2021-05-01 06:07:32'),
(311, 32, 11, '0', '0.09', '0.27', '0.48', '0.63', '0.74', '0.79', '0.74', '0.63', '0.48', '0.27', '0.09', '0', '2021-04-14 01:23:24', '2021-05-01 06:07:39'),
(312, 32, 12, '0', '0', '0.24', '0.44', '0.6', '0.7', '0.74', '0.7', '0.6', '0.44', '0.24', '0', '0', '2021-04-14 01:23:24', '2021-05-01 06:07:48'),
(313, 33, 1, '0', '0', '0.24', '0.42', '0.58', '0.68', '0.72', '0.68', '0.58', '0.42', '0.24', '0', '0', '2021-04-14 01:24:15', '2021-05-01 06:08:10'),
(314, 33, 2, '0', '0.09', '0.26', '0.44', '0.6', '0.72', '0.75', '0.72', '0.6', '0.44', '0.26', '0.09', '0', '2021-04-14 01:24:15', '2021-05-01 06:08:17'),
(315, 33, 3, '0', '0.14', '0.33', '0.51', '0.66', '0.76', '0.8', '0.76', '0.66', '0.51', '0.33', '0.14', '0', '2021-04-14 01:24:15', '2021-05-01 06:08:24'),
(316, 33, 4, '0.03', '0.18', '0.37', '0.56', '0.7', '0.79', '0.82', '0.79', '0.7', '0.56', '0.37', '0.18', '0.03', '2021-04-14 01:24:15', '2021-05-01 06:08:37'),
(317, 33, 5, '0.06', '0.24', '0.41', '0.59', '0.73', '0.83', '0.87', '0.83', '0.73', '0.59', '0.41', '0.24', '0.06', '2021-04-14 01:24:15', '2021-05-01 06:08:47'),
(318, 33, 6, '0.07', '0.25', '0.44', '0.61', '0.78', '0.87', '0.9', '0.87', '0.78', '0.61', '0.44', '0.25', '0.07', '2021-04-14 01:24:15', '2021-05-01 06:08:56'),
(319, 33, 7, '0.06', '0.24', '0.42', '0.6', '0.76', '0.84', '0.88', '0.84', '0.76', '0.6', '0.42', '0.24', '0.06', '2021-04-14 01:24:15', '2021-05-01 06:09:06'),
(320, 33, 8, '0.04', '0.22', '0.4', '0.57', '0.73', '0.82', '0.85', '0.82', '0.73', '0.57', '0.4', '0.22', '0.04', '2021-04-14 01:24:15', '2021-05-01 06:09:17'),
(321, 33, 9, '0.01', '0.19', '0.39', '0.58', '0.74', '0.85', '0.88', '0.85', '0.74', '0.58', '0.39', '0.19', '0.01', '2021-04-14 01:24:15', '2021-05-01 06:09:46'),
(322, 33, 10, '0', '0.15', '0.36', '0.57', '0.74', '0.86', '0.89', '0.86', '0.74', '0.57', '0.36', '0.15', '0', '2021-04-14 01:24:15', '2021-05-01 06:09:57'),
(323, 33, 11, '0', '0.09', '0.29', '0.5', '0.67', '0.77', '0.81', '0.77', '0.67', '0.5', '0.29', '0.09', '0', '2021-04-14 01:24:15', '2021-05-01 06:10:04'),
(324, 33, 12, '0', '0', '0.21', '0.41', '0.57', '0.67', '0.71', '0.67', '0.57', '0.41', '0.21', '0', '0', '2021-04-14 01:24:15', '2021-05-01 06:10:15'),
(325, 34, 1, '0', '0.07', '0.26', '0.47', '0.65', '0.75', '0.79', '0.75', '0.65', '0.47', '0.26', '0.07', '0', '2021-04-14 01:25:12', '2021-05-01 06:10:38'),
(326, 34, 2, '0', '0.13', '0.34', '0.53', '0.7', '0.83', '0.87', '0.83', '0.7', '0.53', '0.34', '0.13', '0', '2021-04-14 01:25:12', '2021-05-01 06:10:45'),
(327, 34, 3, '0', '0.16', '0.38', '0.56', '0.74', '0.84', '0.88', '0.84', '0.74', '0.56', '0.38', '0.16', '0', '2021-04-14 01:25:12', '2021-05-01 06:10:53'),
(328, 34, 4, '0.03', '0.19', '0.38', '0.58', '0.72', '0.83', '0.86', '0.83', '0.72', '0.58', '0.38', '0.19', '0.03', '2021-04-14 01:25:12', '2021-05-01 06:11:03'),
(329, 34, 5, '0.06', '0.22', '0.4', '0.58', '0.71', '0.81', '0.84', '0.84', '0.71', '0.58', '0.4', '0.22', '0.06', '2021-04-14 01:25:12', '2021-05-01 06:11:12'),
(330, 34, 6, '0.06', '0.23', '0.42', '0.58', '0.72', '0.81', '0.84', '0.81', '0.72', '0.58', '0.42', '0.23', '0.06', '2021-04-14 01:25:12', '2021-05-01 06:11:22'),
(331, 34, 7, '0.06', '0.21', '0.39', '0.57', '0.7', '0.79', '0.81', '0.79', '0.7', '0.57', '0.39', '0.21', '0.06', '2021-04-14 01:25:12', '2021-05-01 06:11:32'),
(332, 34, 8, '0.05', '0.2', '0.4', '0.58', '0.72', '0.81', '0.85', '0.81', '0.72', '0.58', '0.4', '0.2', '0.05', '2021-04-14 01:25:12', '2021-05-01 06:11:41'),
(333, 34, 9, '0.01', '0.18', '0.38', '0.58', '0.73', '0.84', '0.87', '0.84', '0.73', '0.58', '0.38', '0.18', '0.01', '2021-04-14 01:25:12', '2021-05-01 06:11:51'),
(334, 34, 10, '0', '0.15', '0.36', '0.57', '0.75', '0.84', '0.89', '0.84', '0.75', '0.57', '0.36', '0.15', '0', '2021-04-14 01:25:12', '2021-05-01 06:12:04'),
(335, 34, 11, '0', '0.09', '0.27', '0.48', '0.63', '0.74', '0.79', '0.74', '0.63', '0.48', '0.27', '0.09', '0', '2021-04-14 01:25:12', '2021-05-01 06:12:11'),
(336, 34, 12, '0', '0', '0.23', '0.42', '0.58', '0.68', '0.71', '0.68', '0.58', '0.42', '0.23', '0', '0', '2021-04-14 01:25:12', '2021-05-01 06:12:19'),
(337, 35, 1, '0', '0', '0.23', '0.45', '0.58', '0.67', '0.72', '0.67', '0.58', '0.45', '0.23', '0', '0', '2021-04-14 01:25:39', '2021-05-01 06:15:12'),
(338, 35, 2, '0', '0.09', '0.24', '0.44', '0.6', '0.7', '0.75', '0.7', '0.6', '0.44', '0.24', '0.09', '0', '2021-04-14 01:25:39', '2021-05-01 06:15:19'),
(339, 35, 3, '0', '0.14', '0.33', '0.52', '0.66', '0.74', '0.8', '0.74', '0.66', '0.52', '0.33', '0.14', '0', '2021-04-14 01:25:39', '2021-05-01 06:15:26'),
(340, 35, 4, '0.03', '0.18', '0.35', '0.54', '0.7', '0.79', '0.82', '0.79', '0.7', '0.54', '0.35', '0.18', '0.03', '2021-04-14 01:25:39', '2021-05-01 06:15:35'),
(341, 35, 5, '0.06', '0.23', '0.4', '0.59', '0.73', '0.81', '0.86', '0.81', '0.73', '0.59', '0.4', '0.23', '0.06', '2021-04-14 01:25:39', '2021-05-01 06:15:56'),
(342, 35, 6, '0.06', '0.25', '0.42', '0.61', '0.74', '0.87', '0.9', '0.87', '0.74', '0.61', '0.42', '0.25', '0.06', '2021-04-14 01:25:39', '2021-05-01 06:16:12'),
(343, 35, 7, '0.06', '0.24', '0.45', '0.62', '0.76', '0.85', '0.88', '0.85', '0.76', '0.62', '0.45', '0.24', '0.06', '2021-04-14 01:25:39', '2021-05-01 06:16:29'),
(344, 35, 8, '0.04', '0.22', '0.42', '0.55', '0.73', '0.8', '0.85', '0.8', '0.73', '0.55', '0.42', '0.22', '0.04', '2021-04-14 01:25:39', '2021-05-01 06:16:38'),
(345, 35, 9, '0.01', '0.19', '0.4', '0.58', '0.7', '0.85', '0.88', '0.85', '0.7', '0.58', '0.4', '0.19', '0.01', '2021-04-14 01:25:39', '2021-05-01 06:16:47'),
(346, 35, 10, '0', '0.09', '0.3', '0.5', '0.6', '0.77', '0.81', '0.77', '0.6', '0.5', '0.3', '0.09', '0', '2021-04-14 01:25:39', '2021-05-01 06:16:55'),
(347, 35, 11, '0', '0', '0.21', '0.4', '0.5', '0.67', '0.71', '0.67', '0.5', '0.4', '0.21', '0', '0', '2021-04-14 01:25:39', '2021-05-01 06:17:03'),
(348, 35, 12, '0', '0', '0.14', '0.3', '0.4', '0.53', '0.57', '0.53', '0.4', '0.3', '0.14', '0', '0', '2021-04-14 01:25:39', '2021-05-01 06:17:11'),
(349, 36, 1, '0', '0', '0.22', '0.42', '0.58', '0.68', '0.72', '0.68', '0.58', '0.42', '0.22', '0', '0', '2021-04-14 01:26:07', '2021-05-01 06:18:06'),
(350, 36, 2, '0', '0.09', '0.28', '0.45', '0.63', '0.73', '0.76', '0.73', '0.63', '0.45', '0.28', '0.09', '0', '2021-04-14 01:26:07', '2021-05-01 06:18:13'),
(351, 36, 3, '0', '0.14', '0.34', '0.52', '0.69', '0.79', '0.83', '0.79', '0.69', '0.52', '0.34', '0.14', '0', '2021-04-14 01:26:07', '2021-05-01 06:18:20'),
(352, 36, 4, '0.03', '0.19', '0.39', '0.58', '0.73', '0.83', '0.87', '0.83', '0.73', '0.58', '0.39', '0.19', '0.03', '2021-04-14 01:26:07', '2021-05-01 06:18:28'),
(353, 36, 5, '0.05', '0.23', '0.43', '0.62', '0.77', '0.86', '0.9', '0.86', '0.77', '0.62', '0.43', '0.23', '0.05', '2021-04-14 01:26:07', '2021-05-01 06:18:37'),
(354, 36, 6, '0.06', '0.23', '0.45', '0.61', '0.77', '0.86', '0.9', '0.86', '0.77', '0.61', '0.45', '0.23', '0.06', '2021-04-14 01:26:07', '2021-05-01 06:18:45'),
(355, 36, 7, '0.06', '0.23', '0.4', '0.58', '0.71', '0.81', '0.84', '0.81', '0.71', '0.58', '0.4', '0.23', '0.06', '2021-04-14 01:26:07', '2021-05-01 06:18:54'),
(356, 36, 8, '0.05', '0.21', '0.38', '0.57', '0.69', '0.78', '0.82', '0.78', '0.69', '0.57', '0.38', '0.21', '0.05', '2021-04-14 01:26:07', '2021-05-01 06:19:02'),
(357, 36, 9, '0.01', '0.18', '0.37', '0.56', '0.73', '0.83', '0.86', '0.83', '0.73', '0.56', '0.37', '0.18', '0.01', '2021-04-14 01:26:07', '2021-05-01 06:19:11'),
(358, 36, 10, '0', '0.15', '0.37', '0.58', '0.74', '0.85', '0.89', '0.85', '0.74', '0.58', '0.37', '0.15', '0', '2021-04-14 01:26:07', '2021-05-01 06:19:18'),
(359, 36, 11, '0', '0.1', '0.3', '0.53', '0.7', '0.82', '0.86', '0.82', '0.7', '0.53', '0.3', '0.1', '0', '2021-04-14 01:26:07', '2021-05-01 06:19:25'),
(360, 36, 12, '0', '0', '0.23', '0.42', '0.59', '0.69', '0.74', '0.69', '0.59', '0.42', '0.23', '0', '0', '2021-04-14 01:26:07', '2021-05-01 06:19:31'),
(361, 37, 1, '0', '0', '0.21', '0.4', '0.56', '0.66', '0.7', '0.66', '0.56', '0.4', '0.21', '0', '0', '2021-04-14 01:26:31', '2021-05-01 06:19:50'),
(362, 37, 2, '0', '0.09', '0.27', '0.44', '0.62', '0.72', '0.75', '0.72', '0.62', '0.44', '0.27', '0.09', '0', '2021-04-14 01:26:31', '2021-05-01 06:19:57'),
(363, 37, 3, '0', '0.13', '0.31', '0.49', '0.63', '0.73', '0.76', '0.73', '0.63', '0.49', '0.31', '0.13', '0', '2021-04-14 01:26:31', '2021-05-01 06:20:03'),
(364, 37, 4, '0.03', '0.18', '0.38', '0.56', '0.7', '0.8', '0.84', '0.8', '0.7', '0.56', '0.38', '0.18', '0.03', '2021-04-14 01:26:31', '2021-05-01 06:20:10'),
(365, 37, 5, '0.05', '0.23', '0.43', '0.63', '0.77', '0.87', '0.9', '0.87', '0.77', '0.63', '0.43', '0.23', '0.05', '2021-04-14 01:26:31', '2021-05-01 06:20:23'),
(366, 37, 6, '0.06', '0.23', '0.45', '0.61', '0.77', '0.86', '0.9', '0.86', '0.77', '0.61', '0.45', '0.23', '0.06', '2021-04-14 01:26:31', '2021-05-01 06:20:31'),
(367, 37, 7, '0.06', '0.23', '0.41', '0.6', '0.73', '0.83', '0.86', '0.83', '0.73', '0.6', '0.41', '0.23', '0.06', '2021-04-14 01:26:31', '2021-05-01 06:20:40'),
(368, 37, 8, '0.05', '0.22', '0.41', '0.61', '0.74', '0.84', '0.87', '0.84', '0.74', '0.61', '0.41', '0.22', '0.05', '2021-04-14 01:26:31', '2021-05-01 06:20:51'),
(369, 37, 9, '0.01', '0.21', '0.42', '0.63', '0.8', '0.92', '0.95', '0.92', '0.8', '0.63', '0.42', '0.21', '0.01', '2021-04-14 01:26:31', '2021-05-01 06:21:00'),
(370, 37, 10, '0', '0.17', '0.4', '0.63', '0.8', '0.91', '0.95', '0.91', '0.8', '0.63', '0.4', '0.17', '0', '2021-04-14 01:26:31', '2021-05-01 06:21:16'),
(371, 37, 11, '0', '0.1', '0.3', '0.53', '0.7', '0.82', '0.86', '0.82', '0.7', '0.53', '0.3', '0.1', '0', '2021-04-14 01:26:31', '2021-05-01 06:21:26'),
(372, 37, 12, '0', '0', '0.21', '0.39', '0.56', '0.65', '0.69', '0.65', '0.56', '0.39', '0.21', '0', '0', '2021-04-14 01:26:31', '2021-05-01 06:21:33'),
(373, 38, 1, '0', '0', '0.19', '0.35', '0.48', '0.56', '0.64', '0.56', '0.48', '0.35', '0.19', '0', '0', '2021-04-14 01:27:02', '2021-05-01 06:21:57'),
(374, 38, 2, '0', '0.07', '0.22', '0.36', '0.53', '0.63', '0.65', '0.63', '0.53', '0.36', '0.22', '0.07', '0', '2021-04-14 01:27:02', '2021-05-01 06:22:04'),
(375, 38, 3, '0', '0.12', '0.28', '0.46', '0.59', '0.65', '0.71', '0.65', '0.59', '0.46', '0.28', '0.12', '0', '2021-04-14 01:27:02', '2021-05-01 06:22:10'),
(376, 38, 4, '0.03', '0.16', '0.35', '0.49', '0.65', '0.71', '0.74', '0.71', '0.65', '0.49', '0.35', '0.16', '0.03', '2021-04-14 01:27:02', '2021-05-01 06:22:23'),
(377, 38, 5, '0.06', '0.22', '0.38', '0.56', '0.68', '0.75', '0.79', '0.75', '0.68', '0.56', '0.38', '0.22', '0.06', '2021-04-14 01:27:02', '2021-05-01 06:22:39');
INSERT INTO `irradiations` (`id`, `geolocation_id`, `month_id`, `t6am`, `t7am`, `t8am`, `t9am`, `t10am`, `t11am`, `t12am`, `t1pm`, `t2pm`, `t3pm`, `t4pm`, `t5pm`, `t6pm`, `created_at`, `updated_at`) VALUES
(378, 38, 6, '0.07', '0.25', '0.42', '0.6', '0.74', '0.84', '0.89', '0.84', '0.74', '0.6', '0.42', '0.25', '0.07', '2021-04-14 01:27:02', '2021-05-01 06:22:48'),
(379, 38, 7, '0.06', '0.24', '0.43', '0.6', '0.77', '0.87', '0.89', '0.87', '0.77', '0.6', '0.43', '0.24', '0.06', '2021-04-14 01:27:02', '2021-05-01 06:22:56'),
(380, 38, 8, '0.06', '0.25', '0.46', '0.62', '0.78', '0.89', '0.92', '0.89', '0.78', '0.62', '0.46', '0.25', '0.06', '2021-04-14 01:27:02', '2021-05-01 06:23:07'),
(381, 38, 9, '0.01', '0.2', '0.39', '0.62', '0.78', '0.88', '0.93', '0.88', '0.78', '0.62', '0.39', '0.2', '0.01', '2021-04-14 01:27:02', '2021-05-01 06:23:17'),
(382, 38, 10, '0', '0.13', '0.39', '0.55', '0.72', '0.8', '0.86', '0.8', '0.72', '0.55', '0.39', '0.13', '0', '2021-04-14 01:27:02', '2021-05-01 06:23:26'),
(383, 38, 11, '0', '0.06', '0.26', '0.44', '0.6', '0.65', '0.72', '0.65', '0.6', '0.44', '0.26', '0.06', '0', '2021-04-14 01:27:02', '2021-05-01 06:23:33'),
(384, 38, 12, '0', '0', '0.17', '0.35', '0.47', '0.54', '0.6', '0.54', '0.47', '0.35', '0.17', '0', '0', '2021-04-14 01:27:02', '2021-05-01 06:23:40'),
(385, 39, 1, '0', '0', '0.18', '0.35', '0.49', '0.58', '0.64', '0.58', '0.49', '0.35', '0.18', '0', '0', '2021-04-14 01:27:27', '2021-05-01 06:24:04'),
(386, 39, 2, '0', '0.06', '0.23', '0.39', '0.53', '0.62', '0.65', '0.62', '0.53', '0.39', '0.23', '0.06', '0', '2021-04-14 01:27:27', '2021-05-01 06:24:13'),
(387, 39, 3, '0', '0.11', '0.28', '0.45', '0.59', '0.67', '0.71', '0.67', '0.59', '0.45', '0.28', '0.11', '0', '2021-04-14 01:27:27', '2021-05-01 06:24:20'),
(388, 39, 4, '0.03', '0.16', '0.34', '0.49', '0.63', '0.71', '0.74', '0.71', '0.63', '0.49', '0.34', '0.16', '0', '2021-04-14 01:27:27', '2021-05-01 06:24:28'),
(389, 39, 5, '0.06', '0.21', '0.38', '0.55', '0.68', '0.76', '0.79', '0.76', '0.68', '0.55', '0.38', '0.21', '0.06', '2021-04-14 01:27:27', '2021-05-01 06:24:38'),
(390, 39, 6, '0.07', '0.24', '0.42', '0.59', '0.74', '0.84', '0.87', '0.84', '0.74', '0.59', '0.42', '0.24', '0.07', '2021-04-14 01:27:27', '2021-05-01 06:24:48'),
(391, 39, 7, '0.06', '0.23', '0.43', '0.62', '0.77', '0.86', '0.89', '0.86', '0.77', '0.62', '0.43', '0.23', '0.06', '2021-04-14 01:27:27', '2021-05-01 06:24:58'),
(392, 39, 8, '0.06', '0.24', '0.43', '0.62', '0.78', '0.88', '0.92', '0.88', '0.78', '0.62', '0.43', '0.24', '0.06', '2021-04-14 01:27:27', '2021-05-01 06:25:08'),
(393, 39, 9, '0.01', '0.21', '0.41', '0.61', '0.77', '0.89', '0.93', '0.89', '0.77', '0.61', '0.41', '0.21', '0.01', '2021-04-14 01:27:27', '2021-05-01 06:25:20'),
(394, 39, 10, '0', '0.13', '0.35', '0.56', '0.72', '0.83', '0.86', '0.83', '0.72', '0.56', '0.35', '0.13', '0', '2021-04-14 01:27:27', '2021-05-01 06:25:28'),
(395, 39, 11, '0', '0.06', '0.24', '0.44', '0.6', '0.69', '0.73', '0.69', '0.6', '0.44', '0.24', '0.06', '0', '2021-04-14 01:27:27', '2021-05-01 06:25:35'),
(396, 39, 12, '0', '0', '0.17', '0.33', '0.47', '0.56', '0.6', '0.56', '0.47', '0.33', '0.17', '0', '0', '2021-04-14 01:27:27', '2021-05-01 06:25:43'),
(397, 40, 1, '0', '0', '0.17', '0.33', '0.45', '0.57', '0.6', '0.57', '0.45', '0.33', '0.17', '0', '0', '2021-04-14 01:27:54', '2021-05-01 06:26:24'),
(398, 40, 2, '0', '0.07', '0.22', '0.39', '0.53', '0.63', '0.67', '0.63', '0.53', '0.39', '0.22', '0.07', '0', '2021-04-14 01:27:54', '2021-05-01 06:26:31'),
(399, 40, 3, '0', '0.11', '0.28', '0.45', '0.58', '0.68', '0.7', '0.68', '0.58', '0.45', '0.28', '0.11', '0', '2021-04-14 01:27:54', '2021-05-01 06:26:36'),
(400, 40, 4, '0.03', '0.17', '0.34', '0.52', '0.66', '0.75', '0.78', '0.75', '0.66', '0.52', '0.34', '0.17', '0.03', '2021-04-14 01:27:54', '2021-05-01 06:26:45'),
(401, 40, 5, '0.06', '0.21', '0.39', '0.56', '0.69', '0.77', '0.81', '0.77', '0.69', '0.56', '0.39', '0.21', '0.06', '2021-04-14 01:27:54', '2021-05-01 06:26:55'),
(402, 40, 6, '0.07', '0.25', '0.44', '0.62', '0.76', '0.86', '0.89', '0.86', '0.76', '0.62', '0.44', '0.25', '0.07', '2021-04-14 01:27:54', '2021-05-01 06:27:11'),
(403, 40, 7, '0.07', '0.23', '0.44', '0.62', '0.76', '0.86', '0.89', '0.86', '0.76', '0.62', '0.44', '0.23', '0.07', '2021-04-14 01:27:54', '2021-05-01 06:27:22'),
(404, 40, 8, '0.05', '0.22', '0.41', '0.59', '0.75', '0.85', '0.88', '0.85', '0.75', '0.59', '0.41', '0.22', '0.05', '2021-04-14 01:27:54', '2021-05-01 06:27:31'),
(405, 40, 9, '0.01', '0.17', '0.37', '0.57', '0.73', '0.84', '0.88', '0.84', '0.73', '0.57', '0.37', '0.17', '0.01', '2021-04-14 01:27:54', '2021-05-01 06:27:40'),
(406, 40, 10, '0', '0.12', '0.33', '0.53', '0.69', '0.79', '0.82', '0.79', '0.69', '0.53', '0.33', '0.12', '0', '2021-04-14 01:27:54', '2021-05-01 06:27:48'),
(407, 40, 11, '0', '0.05', '0.23', '0.4', '0.56', '0.66', '0.7', '0.66', '0.56', '0.4', '0.23', '0.05', '0', '2021-04-14 01:27:54', '2021-05-01 06:27:55'),
(408, 40, 12, '0', '0', '0.14', '0.3', '0.45', '0.53', '0.57', '0.53', '0.45', '0.3', '0.14', '0', '0', '2021-04-14 01:27:54', '2021-05-01 06:28:03'),
(409, 41, 1, '0', '0', '0.17', '0.33', '0.48', '0.57', '0.61', '0.57', '0.48', '0.33', '0.17', '0', '0', '2021-04-14 01:28:26', '2021-05-01 06:29:48'),
(410, 41, 2, '0', '0.07', '0.24', '0.41', '0.55', '0.65', '0.68', '0.65', '0.55', '0.41', '0.24', '0.07', '0', '2021-04-14 01:28:26', '2021-05-01 06:29:53'),
(411, 41, 3, '0', '0.11', '0.29', '0.46', '0.61', '0.69', '0.73', '0.69', '0.61', '0.46', '0.29', '0.11', '0', '2021-04-14 01:28:26', '2021-05-01 06:29:59'),
(412, 41, 4, '0.03', '0.17', '0.36', '0.53', '0.68', '0.77', '0.8', '0.77', '0.68', '0.53', '0.36', '0.17', '0.03', '2021-04-14 01:28:26', '2021-05-01 06:30:08'),
(413, 41, 5, '0.06', '0.22', '0.4', '0.57', '0.71', '0.8', '0.83', '0.8', '0.71', '0.57', '0.4', '0.22', '0.06', '2021-04-14 01:28:26', '2021-05-01 06:30:17'),
(414, 41, 6, '0.07', '0.23', '0.41', '0.58', '0.71', '0.81', '0.84', '0.81', '0.71', '0.58', '0.41', '0.23', '0.07', '2021-04-14 01:28:26', '2021-05-01 06:30:29'),
(415, 41, 7, '0.06', '0.22', '0.4', '0.59', '0.73', '0.82', '0.85', '0.82', '0.73', '0.59', '0.4', '0.22', '0.06', '2021-04-14 01:28:26', '2021-05-01 06:30:38'),
(416, 41, 8, '0.06', '0.22', '0.4', '0.58', '0.72', '0.82', '0.85', '0.82', '0.72', '0.58', '0.4', '0.22', '0.06', '2021-04-14 01:28:26', '2021-05-01 06:30:47'),
(417, 41, 9, '0.01', '0.19', '0.39', '0.58', '0.74', '0.85', '0.89', '0.85', '0.74', '0.58', '0.39', '0.19', '0.01', '2021-04-14 01:28:26', '2021-05-01 06:31:27'),
(418, 41, 10, '0', '0.12', '0.32', '0.53', '0.69', '0.78', '0.84', '0.78', '0.69', '0.53', '0.32', '0.12', '0', '2021-04-14 01:28:26', '2021-05-01 06:31:52'),
(419, 41, 11, '0', '0.05', '0.22', '0.41', '0.56', '0.65', '0.69', '0.65', '0.56', '0.41', '0.22', '0.05', '0', '2021-04-14 01:28:26', '2021-05-01 06:32:00'),
(420, 41, 12, '0', '0', '0.16', '0.32', '0.45', '0.56', '0.6', '0.56', '0.45', '0.32', '0.16', '0', '0', '2021-04-14 01:28:26', '2021-05-01 06:32:07'),
(421, 42, 1, '0', '0', '0.18', '0.34', '0.47', '0.56', '0.62', '0.56', '0.47', '0.34', '0.18', '0', '0', '2021-04-14 01:28:53', '2021-05-01 06:32:38'),
(422, 42, 2, '0', '0.07', '0.23', '0.4', '0.54', '0.64', '0.68', '0.64', '0.54', '0.4', '0.23', '0.07', '0', '2021-04-14 01:28:53', '2021-05-01 06:32:46'),
(423, 42, 3, '0', '0.12', '0.29', '0.46', '0.6', '0.7', '0.73', '0.7', '0.6', '0.46', '0.29', '0.12', '0', '2021-04-14 01:28:53', '2021-05-01 06:32:53'),
(424, 42, 4, '0.03', '0.17', '0.35', '0.54', '0.68', '0.78', '0.81', '0.78', '0.68', '0.54', '0.35', '0.17', '0.03', '2021-04-14 01:28:53', '2021-05-01 06:33:01'),
(425, 42, 5, '0.06', '0.22', '0.4', '0.57', '0.71', '0.79', '0.83', '0.79', '0.71', '0.57', '0.4', '0.22', '0.06', '2021-04-14 01:28:53', '2021-05-01 06:33:10'),
(426, 42, 6, '0.07', '0.25', '0.45', '0.63', '0.77', '0.88', '0.91', '0.88', '0.77', '0.63', '0.45', '0.25', '0.07', '2021-04-14 01:28:53', '2021-05-01 06:33:19'),
(427, 42, 7, '0.07', '0.23', '0.45', '0.62', '0.77', '0.87', '0.9', '0.87', '0.77', '0.62', '0.45', '0.23', '0.07', '2021-04-14 01:28:53', '2021-05-01 06:33:31'),
(428, 42, 8, '0.05', '0.23', '0.42', '0.6', '0.76', '0.86', '0.89', '0.86', '0.76', '0.6', '0.42', '0.23', '0.05', '2021-04-14 01:28:53', '2021-05-01 06:33:42'),
(429, 42, 9, '0.01', '0.18', '0.39', '0.6', '0.76', '0.88', '0.92', '0.88', '0.76', '0.6', '0.39', '0.18', '0.01', '2021-04-14 01:28:53', '2021-05-01 06:33:54'),
(430, 42, 10, '0', '0.13', '0.35', '0.55', '0.72', '0.82', '0.86', '0.82', '0.72', '0.55', '0.35', '0.13', '0', '2021-04-14 01:28:53', '2021-05-01 06:34:02'),
(431, 42, 11, '0', '0.06', '0.24', '0.42', '0.58', '0.68', '0.71', '0.68', '0.58', '0.42', '0.24', '0.06', '0', '2021-04-14 01:28:53', '2021-05-01 06:34:09'),
(432, 42, 12, '0', '0', '0.15', '0.3', '0.45', '0.53', '0.57', '0.53', '0.45', '0.3', '0.15', '0', '0', '2021-04-14 01:28:53', '2021-05-01 06:34:18'),
(433, 43, 1, '0', '0', '0.19', '0.34', '0.5', '0.59', '0.63', '0.59', '0.5', '0.34', '0.19', '0', '0', '2021-04-14 01:29:18', '2021-05-01 06:35:02'),
(434, 43, 2, '0', '0.08', '0.24', '0.41', '0.56', '0.66', '0.69', '0.66', '0.56', '0.41', '0.24', '0.08', '0', '2021-04-14 01:29:18', '2021-05-01 06:35:10'),
(435, 43, 3, '0', '0.13', '0.31', '0.48', '0.62', '0.72', '0.75', '0.71', '0.62', '0.48', '0.31', '0.13', '0', '2021-04-14 01:29:18', '2021-05-01 06:35:17'),
(436, 43, 4, '0.03', '0.18', '0.37', '0.55', '0.69', '0.77', '0.81', '0.77', '0.69', '0.55', '0.37', '0.18', '0.03', '2021-04-14 01:29:18', '2021-05-01 06:35:27'),
(437, 43, 5, '0.06', '0.23', '0.41', '0.58', '0.72', '0.82', '0.86', '0.82', '0.72', '0.58', '0.41', '0.23', '0.06', '2021-04-14 01:29:18', '2021-05-01 06:35:36'),
(438, 43, 6, '0.08', '0.24', '0.41', '0.59', '0.73', '0.82', '0.85', '0.82', '0.73', '0.59', '0.41', '0.24', '0.08', '2021-04-14 01:29:18', '2021-05-01 06:35:44'),
(439, 43, 7, '0.06', '0.23', '0.41', '0.59', '0.73', '0.82', '0.85', '0.82', '0.73', '0.59', '0.41', '0.23', '0.08', '2021-04-14 01:29:18', '2021-05-01 06:35:56'),
(440, 43, 8, '0.04', '0.23', '0.42', '0.59', '0.76', '0.85', '0.88', '0.85', '0.76', '0.59', '0.42', '0.23', '0.04', '2021-04-14 01:29:18', '2021-05-01 06:36:06'),
(441, 43, 9, '0.01', '0.2', '0.41', '0.61', '0.76', '0.86', '0.92', '0.89', '0.76', '0.61', '0.41', '0.2', '0.01', '2021-04-14 01:29:18', '2021-05-01 06:36:16'),
(442, 43, 10, '0', '0.14', '0.34', '0.55', '0.72', '0.83', '0.86', '0.83', '0.72', '0.55', '0.34', '0.14', '0', '2021-04-14 01:29:18', '2021-05-01 06:36:24'),
(443, 43, 11, '0', '0.06', '0.24', '0.43', '0.58', '0.68', '0.71', '0.68', '0.58', '0.43', '0.24', '0.06', '0', '2021-04-14 01:29:18', '2021-05-01 06:36:32'),
(444, 43, 12, '0', '0', '0.17', '0.35', '0.49', '0.58', '0.62', '0.58', '0.49', '0.35', '0.17', '0', '0', '2021-04-14 01:29:18', '2021-05-01 06:36:39'),
(445, 44, 1, '0', '0', '0.22', '0.4', '0.56', '0.66', '0.7', '0.66', '0.56', '0.4', '0.22', '0', '0', '2021-04-14 01:29:50', '2021-05-01 06:37:08'),
(446, 44, 2, '0', '0.09', '0.25', '0.43', '0.6', '0.71', '0.74', '0.71', '0.6', '0.43', '0.25', '0.09', '0', '2021-04-14 01:29:50', '2021-05-01 06:37:14'),
(447, 44, 3, '0', '0.13', '0.32', '0.5', '0.64', '0.74', '0.78', '0.74', '0.64', '0.5', '0.32', '0.13', '0', '2021-04-14 01:29:50', '2021-05-01 06:37:20'),
(448, 44, 4, '0.03', '0.18', '0.37', '0.55', '0.69', '0.78', '0.82', '0.78', '0.69', '0.55', '0.37', '0.18', '0.03', '2021-04-14 01:29:50', '2021-05-01 06:37:29'),
(449, 44, 5, '0.06', '0.24', '0.41', '0.59', '0.74', '0.84', '0.87', '0.84', '0.74', '0.59', '0.41', '0.24', '0.06', '2021-04-14 01:29:50', '2021-05-01 06:37:41'),
(450, 44, 6, '0.07', '0.25', '0.44', '0.62', '0.79', '0.88', '0.91', '0.88', '0.79', '0.62', '0.44', '0.25', '0.07', '2021-04-14 01:29:50', '2021-05-01 06:37:50'),
(451, 44, 7, '0.06', '0.24', '0.43', '0.63', '0.78', '0.87', '0.91', '0.87', '0.78', '0.63', '0.43', '0.24', '0.06', '2021-04-14 01:29:50', '2021-05-01 06:37:59'),
(452, 44, 8, '0.04', '0.23', '0.41', '0.58', '0.75', '0.85', '0.88', '0.85', '0.75', '0.58', '0.41', '0.23', '0.04', '2021-04-14 01:29:50', '2021-05-01 06:38:09'),
(453, 44, 9, '0.01', '0.19', '0.4', '0.59', '0.76', '0.87', '0.9', '0.87', '0.76', '0.59', '0.4', '0.19', '0.01', '2021-04-14 01:29:50', '2021-05-01 06:38:19'),
(454, 44, 10, '0', '0.16', '0.37', '0.59', '0.77', '0.89', '0.92', '0.89', '0.77', '0.59', '0.37', '0.16', '0', '2021-04-14 01:29:50', '2021-05-01 06:38:33'),
(455, 44, 11, '0', '0.09', '0.3', '0.51', '0.68', '0.78', '0.82', '0.78', '0.68', '0.51', '0.3', '0.09', '0', '2021-04-14 01:29:50', '2021-05-01 06:38:42'),
(456, 44, 12, '0', '0', '0.21', '0.41', '0.56', '0.66', '0.7', '0.66', '0.56', '0.41', '0.21', '0', '0', '2021-04-14 01:29:50', '2021-05-01 06:38:51'),
(457, 45, 1, '0', '0', '0.19', '0.34', '0.5', '0.59', '0.63', '0.59', '0.5', '0.34', '0.19', '0', '0', '2021-04-14 01:30:16', '2021-05-01 06:39:26'),
(458, 45, 2, '0', '0.08', '0.24', '0.41', '0.56', '0.66', '0.69', '0.66', '0.56', '0.41', '0.24', '0.08', '0', '2021-04-14 01:30:16', '2021-05-01 06:39:39'),
(459, 45, 3, '0', '0.13', '0.31', '0.48', '0.62', '0.71', '0.75', '0.71', '0.62', '0.48', '0.31', '0.13', '0', '2021-04-14 01:30:16', '2021-05-01 06:39:45'),
(460, 45, 4, '0.03', '0.18', '0.37', '0.55', '0.69', '0.77', '0.81', '0.77', '0.69', '0.55', '0.37', '0.18', '0.03', '2021-04-14 01:30:16', '2021-05-01 06:39:53'),
(461, 45, 5, '0.06', '0.23', '0.41', '0.58', '0.72', '0.82', '0.86', '0.82', '0.72', '0.58', '0.41', '0.23', '0.06', '2021-04-14 01:30:16', '2021-05-01 06:40:02'),
(462, 45, 6, '0.08', '0.24', '0.41', '0.59', '0.73', '0.82', '0.85', '0.82', '0.73', '0.59', '0.41', '0.24', '0.08', '2021-04-14 01:30:16', '2021-05-01 06:40:11'),
(463, 45, 7, '0.06', '0.23', '0.41', '0.59', '0.73', '0.82', '0.85', '0.82', '0.73', '0.59', '0.41', '0.23', '0.06', '2021-04-14 01:30:16', '2021-05-01 06:40:20'),
(464, 45, 8, '0.04', '0.23', '0.42', '0.59', '0.76', '0.85', '0.88', '0.85', '0.76', '0.59', '0.42', '0.23', '0.04', '2021-04-14 01:30:16', '2021-05-01 06:40:29'),
(465, 45, 9, '0.01', '0.2', '0.41', '0.61', '0.76', '0.86', '0.92', '0.86', '0.76', '0.61', '0.41', '0.2', '0.01', '2021-04-14 01:30:16', '2021-05-01 06:40:38'),
(466, 45, 10, '0', '0.14', '0.34', '0.55', '0.72', '0.83', '0.86', '0.83', '0.72', '0.55', '0.34', '0.14', '0', '2021-04-14 01:30:16', '2021-05-01 06:40:46'),
(467, 45, 11, '0', '0.06', '0.24', '0.43', '0.58', '0.68', '0.71', '0.68', '0.58', '0.43', '0.24', '0.06', '0', '2021-04-14 01:30:16', '2021-05-01 06:40:54'),
(468, 45, 12, '0', '0', '0.17', '0.35', '0.49', '0.58', '0.62', '0.58', '0.49', '0.35', '0.17', '0', '0', '2021-04-14 01:30:16', '2021-05-01 06:41:01');

-- --------------------------------------------------------

--
-- Table structure for table `migrations`
--

CREATE TABLE `migrations` (
  `id` int(10) UNSIGNED NOT NULL,
  `migration` varchar(255) COLLATE utf8mb4_unicode_ci NOT NULL,
  `batch` int(11) NOT NULL
) ENGINE=InnoDB DEFAULT CHARSET=utf8mb4 COLLATE=utf8mb4_unicode_ci;

--
-- Dumping data for table `migrations`
--

INSERT INTO `migrations` (`id`, `migration`, `batch`) VALUES
(2, '2014_10_12_100000_create_password_resets_table', 1),
(3, '2019_08_19_000000_create_failed_jobs_table', 1),
(4, '2014_10_12_000000_create_users_table', 2),
(5, '2016_06_01_000001_create_oauth_auth_codes_table', 3),
(6, '2016_06_01_000002_create_oauth_access_tokens_table', 3),
(7, '2016_06_01_000003_create_oauth_refresh_tokens_table', 3),
(8, '2016_06_01_000004_create_oauth_clients_table', 3),
(9, '2016_06_01_000005_create_oauth_personal_access_clients_table', 3),
(10, '2021_02_21_070302_create_geolocations_table', 4),
(11, '2021_02_21_070954_create_accessories_types_table', 4),
(12, '2021_02_21_071206_create_cable_types_table', 4),
(13, '2021_02_22_070359_create_months_table', 4),
(15, '2021_02_22_070530_create_pump_brands_table', 4),
(16, '2021_02_22_070557_create_solar_brands_table', 4),
(17, '2021_02_22_070731_create_pump_lists_table', 4),
(18, '2021_02_22_070804_create_solar_lists_table', 4),
(22, '2021_02_22_071348_create_uoms_table', 4),
(25, '2021_02_22_070423_create_irradiations_table', 5),
(26, '2021_02_22_071252_create_config_pumps_table', 5),
(28, '2021_01_06_093741_create_invertor_brands_table', 6),
(29, '2021_01_06_093825_create_invertor_lists_table', 6),
(30, '2021_02_22_071419_create_projects_table', 7),
(32, '2021_02_22_071024_create_accessories_lists_table', 8),
(33, '2021_02_22_071420_create_project_accessories_table', 8),
(34, '2021_02_22_071316_create_config_solars_table', 9);

-- --------------------------------------------------------

--
-- Table structure for table `months`
--

CREATE TABLE `months` (
  `id` bigint(20) UNSIGNED NOT NULL,
  `name` varchar(255) COLLATE utf8mb4_unicode_ci NOT NULL,
  `created_at` timestamp NULL DEFAULT NULL,
  `updated_at` timestamp NULL DEFAULT NULL
) ENGINE=InnoDB DEFAULT CHARSET=utf8mb4 COLLATE=utf8mb4_unicode_ci;

--
-- Dumping data for table `months`
--

INSERT INTO `months` (`id`, `name`, `created_at`, `updated_at`) VALUES
(1, 'January', NULL, NULL),
(2, 'February', NULL, NULL),
(3, 'March', NULL, NULL),
(4, 'April', NULL, NULL),
(5, 'May', NULL, NULL),
(6, 'June', NULL, NULL),
(7, 'July', NULL, NULL),
(8, 'August', NULL, NULL),
(9, 'September', NULL, NULL),
(10, 'October', NULL, NULL),
(11, 'November', NULL, NULL),
(12, 'December', NULL, NULL);

-- --------------------------------------------------------

--
-- Table structure for table `oauth_access_tokens`
--

CREATE TABLE `oauth_access_tokens` (
  `id` varchar(100) COLLATE utf8mb4_unicode_ci NOT NULL,
  `user_id` bigint(20) UNSIGNED DEFAULT NULL,
  `client_id` bigint(20) UNSIGNED NOT NULL,
  `name` varchar(255) COLLATE utf8mb4_unicode_ci DEFAULT NULL,
  `scopes` text COLLATE utf8mb4_unicode_ci,
  `revoked` tinyint(1) NOT NULL,
  `created_at` timestamp NULL DEFAULT NULL,
  `updated_at` timestamp NULL DEFAULT NULL,
  `expires_at` datetime DEFAULT NULL
) ENGINE=InnoDB DEFAULT CHARSET=utf8mb4 COLLATE=utf8mb4_unicode_ci;

--
-- Dumping data for table `oauth_access_tokens`
--

INSERT INTO `oauth_access_tokens` (`id`, `user_id`, `client_id`, `name`, `scopes`, `revoked`, `created_at`, `updated_at`, `expires_at`) VALUES
('0034e0eeb06a306e65d7a20cbf99c846ed5f9711cb8088ae8945f450079848de3d1e62a1265aa733', 1, 1, 'app', '[]', 0, '2021-03-03 01:04:18', '2021-03-03 01:04:18', '2022-03-03 05:34:18'),
('00bbb01ba2a48110e5af49a7c90c6cc84cebbd9d0c85333c418e2abaf6146c39478d1c6cec5215a9', 1, 1, 'app', '[]', 0, '2021-02-17 01:01:01', '2021-02-17 01:01:01', '2022-02-17 05:31:01'),
('03c41e38ec752d28dfb61e8f86b49e30ddad46b31cd557dc45f2250b9904e2d1c246bd9d34b0701c', 1, 1, 'app', '[]', 0, '2021-02-16 06:58:13', '2021-02-16 06:58:13', '2022-02-16 11:28:13'),
('0504a3836298b4bc1429afe01020291f72df8edb59f030e282272f77d14c7318478023cb28d92e4b', 1, 1, 'app', '[]', 0, '2021-02-16 07:07:44', '2021-02-16 07:07:44', '2022-02-16 11:37:44'),
('07dd2554feaed3bf201b75188bfcd39811e76cb2a7fd726a5941c4c96078425972ae2d38cc62c1c2', 1, 1, 'app', '[]', 0, '2021-05-03 23:13:15', '2021-05-03 23:13:15', '2022-05-04 04:43:15'),
('0aac62ac6833e1c38fcddad57ee20298331a3a8dabaa282c374df7189ab5073f5f3c15db9a84010a', 1, 2, NULL, '[\"*\"]', 0, '2021-02-16 02:51:06', '2021-02-16 02:51:06', '2022-02-16 07:21:06'),
('0bbc4ceb55e92bdf15906f809ed26a44a71d67443639a92b6234bd61ed766e9fa4f9f6bcaf2f352d', 1, 1, 'app', '[]', 0, '2021-04-20 07:43:16', '2021-04-20 07:43:16', '2022-04-20 13:13:16'),
('0d4544f32c157d55c9b1794b6bbe3c75b338d97e09f40e21109545c9b3c0e57d227e2584baab7e5b', 1, 1, 'app', '[]', 0, '2021-05-03 23:32:13', '2021-05-03 23:32:13', '2022-05-04 05:02:13'),
('101c9e157261d6f40aacd75514294d2aaad4a18ef643b38bd8b92563c0357901d4c05309f626a0f7', 1, 1, 'app', '[]', 0, '2021-05-01 23:09:56', '2021-05-01 23:09:56', '2022-05-02 04:39:56'),
('13d614e00e9aeba8fee106b4c6f0d480b5d581e186dc92eed993036abd1917be286831bf22a80959', 1, 1, 'app', '[]', 0, '2021-05-02 03:55:55', '2021-05-02 03:55:55', '2022-05-02 09:25:55'),
('15b37af161af1f6145e41e620e37aca099b3774325f200ddc0ec74add0113dcdfa2f6e04ca7baae1', 1, 1, 'app', '[]', 0, '2021-04-20 03:45:51', '2021-04-20 03:45:51', '2022-04-20 09:15:51'),
('15faaf2e9e7702684b128d4a0f31bdb1a91fa1ab4b1ea695fe43bd10cfdae4bb27df7a3b33eada2b', 1, 1, 'app', '[]', 0, '2021-05-02 23:38:21', '2021-05-02 23:38:21', '2022-05-03 05:08:21'),
('1b1a6c0a2b6d95d9474f92abfe73db42d5c2eb42f909cab01292347f6d6cdcf13889761747498ad6', 1, 1, 'app', '[]', 0, '2021-02-17 00:57:23', '2021-02-17 00:57:23', '2022-02-17 05:27:23'),
('1bbeca7f20594a8393958ee5ff09142000fccbd929a6354552468e30f292f77a3af99d805d98c843', 2, 1, 'app', '[]', 0, '2021-05-03 23:49:37', '2021-05-03 23:49:37', '2022-05-04 05:19:37'),
('1bc66fcf83a0387b0a99ddbfd9a89c14a0cb7ac96a2be0935b93fec66c8711394354e5a8239bb049', 1, 1, 'app', '[]', 0, '2021-02-16 05:41:07', '2021-02-16 05:41:07', '2022-02-16 10:11:07'),
('1c3b588469dd86a765b9e60c3cdafe9abd4b9ce4d20e7ca18a2f8630b471194509e907262f86590b', 2, 1, 'app', '[]', 0, '2021-03-08 04:42:02', '2021-03-08 04:42:02', '2022-03-08 09:12:02'),
('1cf0da93d0bebe262295be33153bfa8b67a92cf3f29e861de21f479d224764b6a1f610ce735367be', 1, 1, 'app', '[]', 0, '2021-03-02 04:29:52', '2021-03-02 04:29:52', '2022-03-02 08:59:52'),
('1d6091d20668fca0c1b960e8b599e777f8873e7e3de84240c219ed169127cfd92f99078db3de754e', 2, 1, 'app', '[]', 0, '2021-05-03 23:31:30', '2021-05-03 23:31:30', '2022-05-04 05:01:30'),
('1fd0800d292e15eacdfbaea3e438d1007ae92fc31e3fc011452a82927768c1ac18b8ea2fdfd1c24d', 1, 1, 'app', '[]', 0, '2021-02-17 01:11:49', '2021-02-17 01:11:49', '2022-02-17 05:41:49'),
('20b2cd6d576a4c6952808f53c2377e71995f63ee96555fce45225c1baf98c4047e3907cd69fa2186', 1, 1, 'app', '[]', 0, '2021-05-03 00:32:48', '2021-05-03 00:32:48', '2022-05-03 06:02:48'),
('21bc6f0404edf69f8391f9c48caad2e829402e1d3d70c821f9ffea2e509c8592444faf8aad31d495', 1, 1, 'app', '[]', 0, '2021-02-17 00:46:06', '2021-02-17 00:46:06', '2022-02-17 05:16:06'),
('22d5923d3d2e3f8a56ca1fbeb941c20fa6335f4bf31bc299eeace7477100661563eb55b555021648', 1, 1, 'app', '[]', 0, '2021-02-17 01:09:35', '2021-02-17 01:09:35', '2022-02-17 05:39:35'),
('235744afca2125f0e4cf747886a5e847ff55e15a4ed87b6e954f5b45b06d25791927a7e06a94fc6e', 1, 2, NULL, '[\"*\"]', 0, '2021-02-16 02:48:50', '2021-02-16 02:48:50', '2022-02-16 07:18:50'),
('254adf71d889a7d8b602743f591b1a3bad800da83b6fcadc5e839fe3d7ef183c679b7eb06f6da217', 1, 1, 'app', '[]', 0, '2021-05-04 01:07:36', '2021-05-04 01:07:36', '2022-05-04 06:37:36'),
('26986c5c44547f00187227506bb19f25935240299b00c38a21d5f57b5696684bc09b56f94fbe930d', 2, 1, 'app', '[]', 0, '2021-05-04 00:47:42', '2021-05-04 00:47:42', '2022-05-04 06:17:42'),
('28d761fb78746f59a3d8ccbfdb5e5ed3aa0234975d90c0f04bd40bd4b39759443ffcbe14a2259be5', 1, 1, 'app', '[]', 0, '2021-02-17 00:58:30', '2021-02-17 00:58:30', '2022-02-17 05:28:30'),
('2ab3f00a11837c0fe6653b96d3e1ce02985cbdeea18c847ac3b2fa4287a7c7d22277386a02b5f1e4', 1, 1, 'app', '[]', 0, '2021-02-16 05:39:11', '2021-02-16 05:39:11', '2022-02-16 10:09:11'),
('2c99670518dc630834652cc6684e646fe850483a0c34c54b7e1187fe938bac57497b4d59f568d9d7', 1, 1, 'app', '[]', 0, '2021-02-17 01:45:10', '2021-02-17 01:45:10', '2022-02-17 06:15:10'),
('3021b7fb85ad5163cc9df12fd68a86dd718abcff77236d159c2d286f9f74d10c37ebca5634cbc27f', 1, 1, 'app', '[]', 0, '2021-02-17 01:10:12', '2021-02-17 01:10:12', '2022-02-17 05:40:12'),
('30783c0bbfc8d137f3e9cc9c06ddaba62ea215193765762cc1b2663d49eb72f18e5f959dd28e5cda', 1, 1, 'app', '[]', 0, '2021-04-12 06:07:39', '2021-04-12 06:07:39', '2022-04-12 11:37:39'),
('31403d6f8f67c1b7418f4cf01513ad238bdf8aa54501e92b1d5e1f740dc2f672e5701c254023ac07', 1, 1, 'app', '[]', 0, '2021-02-17 01:02:06', '2021-02-17 01:02:06', '2022-02-17 05:32:06'),
('329f76573ad7c7ed18a9915bc2bc09a5940374913aad2c4da6f987e6ecb546fed5a5403c7e7bb9d5', 1, 1, 'app', '[]', 0, '2021-03-08 06:36:09', '2021-03-08 06:36:09', '2022-03-08 11:06:09'),
('34c862193eacd183af53669a4610153db3743891724568972f5e6a418d4d0026ba69df1aff17cae4', 1, 1, 'app', '[]', 0, '2021-02-16 05:05:13', '2021-02-16 05:05:13', '2022-02-16 09:35:13'),
('34e7e3934becce633be66302e5b0ac0d8e6d5c2bf1e53ebd0b7e9a80ea03d24df78788683a201a3f', 1, 1, 'app', '[]', 0, '2021-05-03 23:49:03', '2021-05-03 23:49:03', '2022-05-04 05:19:03'),
('3664819f00b2ce54aee2ab8c5109ea089042e2917d41bc9779341946b5412ff28c0c6be82c87449d', 1, 1, 'app', '[]', 0, '2021-05-04 01:04:34', '2021-05-04 01:04:34', '2022-05-04 06:34:34'),
('379d12bd60e0c4e196b6dbed3edcf5709cb817ed3073b960d5ce9d56d2edcb65b14bcfd2a7be44cb', 1, 1, 'app', '[]', 0, '2021-04-11 10:08:58', '2021-04-11 10:08:58', '2022-04-11 15:38:58'),
('37e094fb582ac3a98ce5afdae37768ebdbd36a71e5c855ad7a9ba23b011fad6b6e19c32dcc314dcd', 2, 1, 'app', '[]', 0, '2021-03-08 05:18:00', '2021-03-08 05:18:00', '2022-03-08 09:48:00'),
('389d28be1da4504a3eb8229e6f24abe8af80afddba21944a828f90df8a19d0cf06ec72e79db5ffb1', 1, 1, 'app', '[]', 0, '2021-02-16 07:01:24', '2021-02-16 07:01:24', '2022-02-16 11:31:24'),
('3ae80056c2049ef0e4d0b2d2d91c2806e38d52c74c2b32750fe5e7d9ca5c3a8bcf22613544229dfa', 1, 1, 'app', '[]', 0, '2021-02-16 05:00:22', '2021-02-16 05:00:22', '2022-02-16 09:30:22'),
('3c816dff95fb369fa5c8e822905eb0a4e884b55547807a00f1c3d5caca3f9fb60872684a452cd299', 1, 1, 'app', '[]', 0, '2021-02-17 01:01:45', '2021-02-17 01:01:45', '2022-02-17 05:31:45'),
('3f265485664b32fe1aa7316c731cd3c1c28d15dd12657ea3b89861e59f5d61166225acbf8237ecf4', 1, 1, 'app', '[]', 0, '2021-02-16 07:03:37', '2021-02-16 07:03:37', '2022-02-16 11:33:37'),
('3fe4a274e06fbf0b5331995322ad7834a807d7f06c11a7d3e8685c3c02f19267eed6d1c1f288ccac', 1, 1, 'app', '[]', 0, '2021-02-17 03:01:13', '2021-02-17 03:01:13', '2022-02-17 07:31:13'),
('402a3fc0b61b8d2f5d716834a2a59aaa0eec0e9c80531b17a2a5d7e0ad82efe5d0ab325e51419cd4', 1, 1, 'app', '[]', 0, '2021-05-03 00:24:47', '2021-05-03 00:24:47', '2022-05-03 05:54:47'),
('425d62171a41a6c1c3ba64b1d1d893bb1ca0ba12c298ff05ea9dd97c804ef07c80e3b59e5678dcf9', 1, 1, 'app', '[]', 0, '2021-05-01 01:42:54', '2021-05-01 01:42:54', '2022-05-01 07:12:54'),
('42a28c3e5706152d0c68ff9e155bc6744650a2d48c15da8a048647fe028f172f9638d4eb95b30dec', 1, 1, 'app', '[]', 0, '2021-05-03 23:14:32', '2021-05-03 23:14:32', '2022-05-04 04:44:32'),
('452193bf9f9e9e83dae74da58e32141464c78f6b415537fc197f1bad052a181d518fdc2c11b6e0f3', 1, 1, 'app', '[]', 0, '2021-02-16 06:52:53', '2021-02-16 06:52:53', '2022-02-16 11:22:53'),
('48ae2993fe6598090c72b70a0536899ae57c4dffa6317f984a8e7c354b56314c698713b3b0dc3540', 1, 1, 'app', '[]', 0, '2021-02-16 05:46:26', '2021-02-16 05:46:26', '2022-02-16 10:16:26'),
('49e30cb5325173b14e87ffeec0e5fa021a0f8583ee327e51e6a502a8bfefa8288e3a271cb0927372', 1, 1, 'app', '[]', 0, '2021-03-08 05:48:37', '2021-03-08 05:48:37', '2022-03-08 10:18:37'),
('49e4363aa268c70322b2b416577ad96cec0de0e85f7845bdd54694b1158e1e85d0f12afff6949438', 1, 1, 'app', '[]', 0, '2021-02-16 06:51:15', '2021-02-16 06:51:15', '2022-02-16 11:21:15'),
('4a8e893879309ea9ce3c06186d79651fb8822d1513ed8f6ecf877a7f634babc76ab1eff1a6d8c612', 1, 1, 'app', '[]', 0, '2021-02-16 06:38:08', '2021-02-16 06:38:08', '2022-02-16 11:08:08'),
('4ac285c175066915e0dded1eac6d32e1acaaf1b39906d2fb3d390bdbe0f8997309746c05a192a558', 1, 1, 'app', '[]', 0, '2021-02-17 02:53:37', '2021-02-17 02:53:37', '2022-02-17 07:23:37'),
('4c24e944dfd1cac8ec48245e2b95455080060d6543a72a52e7de633f5954cc551f1f07a75342884d', 1, 1, 'app', '[]', 0, '2021-02-16 05:08:35', '2021-02-16 05:08:35', '2022-02-16 09:38:35'),
('4f7e5dff7f79cd8a54eb26bf0a7bd3784642c304f40902115a6b6079b61a3bb8fe264304d8671013', 1, 1, 'app', '[]', 0, '2021-02-16 03:40:05', '2021-02-16 03:40:05', '2022-02-16 08:10:05'),
('54bc65a17fcbd9d4b4d0b5c623fd84324cc675015cca2b538d23765251730efa3a33e9505614d850', 1, 2, NULL, '[\"*\"]', 0, '2021-02-16 01:46:22', '2021-02-16 01:46:22', '2022-02-16 06:16:22'),
('55d913d005bd42585661985f1b0294781caf96651f8169c2f0e5c4c45ebae7fde5e7cfe1b6ead089', 1, 1, 'app', '[]', 0, '2021-05-01 13:30:18', '2021-05-01 13:30:18', '2022-05-01 19:00:18'),
('56f41ee4b5d8bb4279d0f38099fa9ffe950e616a548ad795d6a4680bf82d8a87c40e587013ccfddc', 1, 1, 'app', '[]', 0, '2021-05-03 23:39:44', '2021-05-03 23:39:44', '2022-05-04 05:09:44'),
('58d4f67fcc55d6e55cbf64856e54e3871169115dd87ef9d508d57e807196ba7478256de364d40e91', 1, 1, 'app', '[]', 0, '2021-03-08 05:30:25', '2021-03-08 05:30:25', '2022-03-08 10:00:25'),
('5a699a77d0c01e491f0bdab08640b7565918f3e1c3518c9934e8acab99034f045cd6b0c7e536d9b5', 1, 1, 'app', '[]', 0, '2021-02-16 05:40:35', '2021-02-16 05:40:35', '2022-02-16 10:10:35'),
('5fdb806909bc4faab5b311f7f0b51c9e0a86743ff6384410943c4f7079527832209ed9a7a581efda', 2, 1, 'app', '[]', 0, '2021-05-04 01:04:58', '2021-05-04 01:04:58', '2022-05-04 06:34:58'),
('60471f667e32bc2230d97f0eb1a7a8b8911bd676c31c89f3a4f08ae9c8fea69f8754f41f860c736b', 1, 1, 'app', '[]', 0, '2021-02-16 06:39:05', '2021-02-16 06:39:05', '2022-02-16 11:09:05'),
('606360b70676d1da8954f81ff18e88ccefb1ec74f0bcdb64646d43b14bb657a6b1375c92789ef443', 1, 1, 'app', '[]', 0, '2021-02-16 07:09:11', '2021-02-16 07:09:11', '2022-02-16 11:39:11'),
('639ce59edd80b84a229d00208764e1eb089726041926d82975185c929aebbffe73677e7562b84246', 1, 1, 'app', '[]', 0, '2021-02-16 05:39:54', '2021-02-16 05:39:54', '2022-02-16 10:09:54'),
('6477b40c8b4f625cec2812365121a2590dbc766b4c6b32ada084b180335d72f7a227e7066d80ee96', 1, 1, 'app', '[]', 0, '2021-05-04 01:05:15', '2021-05-04 01:05:15', '2022-05-04 06:35:15'),
('64e552b74c8110b9eca56b88c3766f6dac3a1d6817ac59a82240b393c3668598d207b65ff36b9627', 1, 1, 'app', '[]', 0, '2021-03-01 00:56:26', '2021-03-01 00:56:26', '2022-03-01 05:26:26'),
('6722fa683b9236d0f835892a3fa5859fcd7b4108d84ba509ec264c183c7a386cb3019c254084302c', 1, 1, 'app', '[]', 0, '2021-05-03 00:20:50', '2021-05-03 00:20:50', '2022-05-03 05:50:50'),
('69222b6ebb5754ac5c6ad67c6ec9315a581721e25718036e9b51126085562510ffa1b1156cf35933', 1, 1, 'app', '[]', 0, '2021-02-16 03:30:56', '2021-02-16 03:30:56', '2022-02-16 08:00:56'),
('69736f51936f2a2604481c19fb3d13b4c2a45a5c7fca6fc8170832bdeadda50d0d1a94d076eb2725', 2, 1, 'app', '[]', 0, '2021-05-04 00:48:18', '2021-05-04 00:48:18', '2022-05-04 06:18:18'),
('6997494a51bde35781176dfa35fdf8af8bb779fb7d2ca5b5ed5ac3ded4408d5aebf1d4e23ff6c763', 1, 1, 'app', '[]', 0, '2021-03-01 01:59:37', '2021-03-01 01:59:37', '2022-03-01 06:29:37'),
('6a5decc245ab0590a6b788549a348c98f08fc4b4dfb729462f241f2de7cdf921ee7fe3a0291e3977', 1, 1, 'app', '[]', 0, '2021-02-16 06:52:32', '2021-02-16 06:52:32', '2022-02-16 11:22:32'),
('6e3c4f81324d2dbfa2fa58c43b00a35df7aad52e050afa17880bd9be53b775fc2542e297ee88335e', 1, 1, 'app', '[]', 0, '2021-02-17 01:55:46', '2021-02-17 01:55:46', '2022-02-17 06:25:46'),
('6ea6a2bbfba98281d43ce39cffe7d84ee036be93405c969d795b7447265c6cd5ecf50285fc69f371', 1, 1, 'app', '[]', 0, '2021-02-16 06:56:47', '2021-02-16 06:56:47', '2022-02-16 11:26:47'),
('712f106f2ed7aa1e2c377d7d7c23f2cd2eb323901bd598991ae5760251f860c00348ba84b96259da', 1, 1, 'app', '[]', 0, '2021-05-04 01:07:12', '2021-05-04 01:07:12', '2022-05-04 06:37:12'),
('719c207ceb4e03cb8c59527e53c14568c6e6912b9bf8481b34c471202504ba5676a3e38415f51bf4', 1, 1, 'app', '[]', 0, '2021-02-16 06:56:55', '2021-02-16 06:56:55', '2022-02-16 11:26:55'),
('73e1d36dbcc45f0237136c1c70149e8f625b955078e8f654b5196dec31105c60023bfa02b6c92058', 1, 1, 'app', '[]', 0, '2021-02-22 02:51:39', '2021-02-22 02:51:39', '2022-02-22 07:21:39'),
('74a72c09bc7ba64099c28382815429cb5ac89d89a7c086283cd2c22f8e7b52b5c8ed42764b861dad', 1, 1, 'app', '[]', 0, '2021-02-16 05:41:43', '2021-02-16 05:41:43', '2022-02-16 10:11:43'),
('75a3d7a5a4f142a99c911e5f72d48493a13959307e39e8a125585721e04e9f3d102e447c95724561', 1, 1, 'app', '[]', 0, '2021-02-17 03:13:16', '2021-02-17 03:13:16', '2022-02-17 07:43:16'),
('764c14b90d1f73a28a8283da434f508fb65cf4324eb8977df29b25874dddcb182ed1b1ac6be64b2e', 1, 1, 'app', '[]', 0, '2021-04-13 23:38:03', '2021-04-13 23:38:03', '2022-04-14 05:08:03'),
('7994a493c5a5752fb5b43892e5f011afe5ae0379739104de5f216dd8df2d38184816ebc799358991', 1, 2, NULL, '[\"*\"]', 0, '2021-02-16 04:59:27', '2021-02-16 04:59:27', '2022-02-16 09:29:27'),
('7a3ecf7f3c07c7ecf58a600de0f27332ca1e8ebf78f9a2289b3ac0302fa0ab297ce443bcbe9976ca', 1, 1, 'app', '[]', 0, '2021-03-01 00:54:32', '2021-03-01 00:54:32', '2022-03-01 05:24:32'),
('7b72d867ff31b0c6da8ec3ddb8ad80d741c0f95e75bf986a070ba7d05f5ea1ca1ce7f4b8a91417e0', 1, 1, 'app', '[]', 0, '2021-05-03 23:13:48', '2021-05-03 23:13:48', '2022-05-04 04:43:48'),
('7f94e1dfd2ff6c7525c4c49dbc8ec54c775c175da93ac784768d9465e3bf6dbc9885a9a1710a1340', 1, 1, 'app', '[]', 0, '2021-02-17 01:55:09', '2021-02-17 01:55:09', '2022-02-17 06:25:09'),
('80d47aa4ab06f2f8e2e612d667e66deaafc7beaf20138235e7715fbdfe2e93cc507f511b1d82dc29', 1, 1, 'app', '[]', 0, '2021-02-17 01:42:45', '2021-02-17 01:42:45', '2022-02-17 06:12:45'),
('82cc40963cd7c767d733df4ad0e69758af65a39df7663276998ed83b6adbeaabfdf7486ed927ceca', 1, 1, 'app', '[]', 0, '2021-03-01 01:54:41', '2021-03-01 01:54:41', '2022-03-01 06:24:41'),
('82f06f40d547b183d2b85145cb8de2b2c139cec7183be161ffee516ed6c697ed2231457a8e30e32a', 1, 1, 'app', '[]', 0, '2021-04-13 22:24:20', '2021-04-13 22:24:20', '2022-04-14 03:54:20'),
('83633baf2ce851d2a10a554833160e17c0eefcf94f5a6ee32876db79c04d03023a3b56dc0a47db0d', 1, 2, NULL, '[\"*\"]', 0, '2021-02-16 02:00:07', '2021-02-16 02:00:07', '2022-02-16 06:30:07'),
('8392d49c985f94f8910de17b11fbf2536ac983d9d7bff5d0cc0815f4f872c8f6b4c9335be92a542b', 1, 1, 'app', '[]', 0, '2021-02-17 01:09:22', '2021-02-17 01:09:22', '2022-02-17 05:39:22'),
('84cf56a7b3cd3ed8599a09250abf35064cd38757747628a181da30e0beb3a5952cc423bb2afcd419', 1, 1, 'app', '[]', 0, '2021-05-04 01:22:51', '2021-05-04 01:22:51', '2022-05-04 06:52:51'),
('8645969ca9f1c5414dcb072638ff8ce4bbf343130bc6c0918dfdf182889ce325596b3597a12ad3d8', 1, 1, 'app', '[]', 0, '2021-03-06 02:51:12', '2021-03-06 02:51:12', '2022-03-06 07:21:12'),
('8a366c04d54a87f58eec11fcdf6d965dfc95db639fd74173ec3f8700584ea8a23d28296461c1315e', 1, 1, 'app', '[]', 0, '2021-04-06 00:39:00', '2021-04-06 00:39:00', '2022-04-06 05:09:00'),
('8adafcb08b4af13faf9fa711deb149c393220f343d355441814b4e2c499a6e455890a8ef32e26a27', 1, 1, 'app', '[]', 0, '2021-04-13 23:53:06', '2021-04-13 23:53:06', '2022-04-14 05:23:06'),
('8dc7ea7e4f7a4967e30711812e8c07be54aeebb2670f688ca8bcd7614600e31a846553a93ca72bad', 1, 1, 'app', '[]', 0, '2021-04-22 04:23:06', '2021-04-22 04:23:06', '2022-04-22 09:53:06'),
('8ed087b2685bbbb06f8c48430b8d92105d955e8677e27004e25afcc6350721c211be24afe67ffe69', 1, 1, 'app', '[]', 0, '2021-02-16 05:00:49', '2021-02-16 05:00:49', '2022-02-16 09:30:49'),
('8ee2a7ed991acf6d398920bf29c1a2e00365d451ab0113730fdd1e94bd415543df0cce7c43805ec3', 2, 1, 'app', '[]', 0, '2021-05-03 00:04:55', '2021-05-03 00:04:55', '2022-05-03 05:34:55'),
('8f6654569950cec429506b0e4da642f45b71489bd4579afcb771485b85fab8d80f582a9b14b30915', 1, 1, 'app', '[]', 0, '2021-03-06 02:56:10', '2021-03-06 02:56:10', '2022-03-06 07:26:10'),
('8fb5e22b561d29722298ea923eb25ce62f715991d1780c813df7c79799ae74b0ce34ffe98a4c98f3', 1, 1, 'app', '[]', 0, '2021-02-17 01:10:42', '2021-02-17 01:10:42', '2022-02-17 05:40:42'),
('9264e341d98c17027b1ef85b22e2517a742d6657ee5fcd035ccddd530cca1e1dc6466352f2b150f8', 1, 1, 'app', '[]', 0, '2021-02-17 00:54:48', '2021-02-17 00:54:48', '2022-02-17 05:24:48'),
('94e44fbdc62bd29123986e168bbd1c00fc33ad860580d76144cce90722d00d3d28a8d15ccee3d15a', 1, 1, 'app', '[]', 0, '2021-02-16 05:26:07', '2021-02-16 05:26:07', '2022-02-16 09:56:07'),
('955df76a27b92d80afc74c7599c8c4e40b25e06262a12012b885296731bbef93b1d2d8bfcd3d1226', 1, 1, 'app', '[]', 0, '2021-02-16 07:07:52', '2021-02-16 07:07:52', '2022-02-16 11:37:52'),
('989f560529483671bed934bc7e2211cb9473747454f8c02c53dc02b1ed0926a28b99814ee943f78d', 1, 1, 'app', '[]', 0, '2021-02-16 06:57:07', '2021-02-16 06:57:07', '2022-02-16 11:27:07'),
('98d78d7a64c0a1c39cde9c733e9db4f077d6b83efb8d06bb2f3adb414c2c66b47b110d96261164c5', 1, 1, 'app', '[]', 0, '2021-03-08 05:19:01', '2021-03-08 05:19:01', '2022-03-08 09:49:01'),
('997016daaad80fcea87baaeb2e652fe97d976ecb9aa4e2a5d07ff4b58d77baf4f43f249ee36cd2a4', 1, 1, 'app', '[]', 0, '2021-02-17 01:54:09', '2021-02-17 01:54:09', '2022-02-17 06:24:09'),
('9bc89295b9a2c6fe7f9fc2dcf4a900212cdb2497ace1ca18b0d7dc8b91e1e84f261b732c68c74a56', 1, 1, 'app', '[]', 0, '2021-04-16 04:15:26', '2021-04-16 04:15:26', '2022-04-16 09:45:26'),
('9c58a9987d8bafdac2c0ff6796e73393cdcf6ebd370b98d348596cf50174c53c69e9afa20f9ad94c', 1, 1, 'app', '[]', 0, '2021-03-08 05:49:03', '2021-03-08 05:49:03', '2022-03-08 10:19:03'),
('9c6ad2dd69abeb6a3286ee40f68bda4d5f92ff84452037ecc7ee2faf226d4f794351cc6d0c9fc0ce', 1, 1, 'app', '[]', 0, '2021-05-03 23:44:43', '2021-05-03 23:44:43', '2022-05-04 05:14:43'),
('9d6c1e36352f95b5983634b313c7c99b13cb2e08dec050e5c7b3a5cbf234b3358dd945eaff121b56', 1, 1, 'app', '[]', 0, '2021-05-04 00:08:40', '2021-05-04 00:08:40', '2022-05-04 05:38:40'),
('9df77035abdcfa3ae57eac566d3fd7f8117b3fb717db77a602acd4ab1a8d5332e9f4bf44eda0ef01', 1, 1, 'app', '[]', 0, '2021-04-25 23:10:05', '2021-04-25 23:10:05', '2022-04-26 04:40:05'),
('9e798957f86274767f135f8d4fc620c4c7819e53295c05220e0271c4bccb5b69248faf3be659ae37', 1, 1, 'app', '[]', 0, '2021-03-08 02:57:34', '2021-03-08 02:57:34', '2022-03-08 07:27:34'),
('a09c55a01f874923e99e09da11b910a42ada165400cedb63c2e4edf211a225b5c0a8199358b3c055', 1, 1, 'app', '[]', 0, '2021-03-08 04:42:37', '2021-03-08 04:42:37', '2022-03-08 09:12:37'),
('a4c6cd2b1dfc266bc992b314ef682c5c9ac882912464e2cd50b4a6c739112c53d80832b63c204fcb', 1, 1, 'app', '[]', 0, '2021-02-17 00:54:36', '2021-02-17 00:54:36', '2022-02-17 05:24:36'),
('a620b285b125f7c7f3d2281070764931a5b73a1f9882e637c66cad0c1f8d3b87ef6613c96af5175a', 1, 1, 'app', '[]', 0, '2021-02-16 05:11:40', '2021-02-16 05:11:40', '2022-02-16 09:41:40'),
('a6db0ba8e31d8c8b120cd6f0549836007e88ea9d2fa62c3f41e22a5e5752954cac243b6f7344b91c', 1, 1, 'app', '[]', 0, '2021-05-04 00:48:56', '2021-05-04 00:48:56', '2022-05-04 06:18:56'),
('a840754a0583989209ff0ae7f22af7412cd31d1102747281887a6f41c7b13242d4421d7cfb09b511', 1, 1, 'app', '[]', 0, '2021-02-16 05:11:53', '2021-02-16 05:11:53', '2022-02-16 09:41:53'),
('a928d324af230c701e82667040e9ef1a9815f3118505da7745b8d3b007a0c16068b7383775a59bc7', 1, 1, 'app', '[]', 0, '2021-02-17 03:14:10', '2021-02-17 03:14:10', '2022-02-17 07:44:10'),
('aab60850e5299b690be23ce49a7342ca8948e196b2a938e64db95bba0db75f6bb19ab139d09259b4', 1, 1, 'app', '[]', 0, '2021-04-12 05:43:04', '2021-04-12 05:43:04', '2022-04-12 11:13:04'),
('ac4a554737828b0f6c60ea2d047308bdff25795cdd7900ac35742ec2aec74d98615e369229b00b7b', 1, 1, 'app', '[]', 0, '2021-03-08 05:16:24', '2021-03-08 05:16:24', '2022-03-08 09:46:24'),
('ad0369c3fa13b32f33917aedc2ae3dc427504553ee4477c8caeba03ef02c5e3968820db8abbd501d', 1, 1, 'app', '[]', 0, '2021-05-04 00:47:55', '2021-05-04 00:47:55', '2022-05-04 06:17:55'),
('aed8bacf1c5debb0877673b4aa2a3b0c173aa39ef695f5899ea22228a6ead1f9e0b51b192d7c557c', 1, 1, 'app', '[]', 0, '2021-02-17 02:11:00', '2021-02-17 02:11:00', '2022-02-17 06:41:00'),
('b0b7b1d3fdd740d4b64ab47ab1cc5f98ee4386f955ac7137a6a5d1576849c22c5f6090792fb3043c', 1, 1, 'app', '[]', 0, '2021-03-01 02:02:50', '2021-03-01 02:02:50', '2022-03-01 06:32:50'),
('b394bf251f989d285447a18b05337b698c0a07bff29527d520f71e1198b9e3933277e616f2dc0431', 1, 1, 'app', '[]', 0, '2021-02-16 07:09:33', '2021-02-16 07:09:33', '2022-02-16 11:39:33'),
('b6ac5b4de55413603197ad05a8a2cab9f0e516bde141ef473c672a4c46cd1fe4a30b07c1dde77a5e', 1, 1, 'app', '[]', 0, '2021-03-01 01:52:47', '2021-03-01 01:52:47', '2022-03-01 06:22:47'),
('b7f214e673f01e31a585167f68bbe7f43b3c3020620103fe12361ad46fd5c43323656da677a23012', 1, 1, 'app', '[]', 0, '2021-05-02 23:58:41', '2021-05-02 23:58:41', '2022-05-03 05:28:41'),
('b80030166c3e918d30b616c9e393e35bb4a76d04f0e39a26349ae2668978f38ad07ad07d273b23ed', 1, 1, 'app', '[]', 0, '2021-02-16 06:32:01', '2021-02-16 06:32:01', '2022-02-16 11:02:01'),
('ba09986c141c73794752837990153892fa1d1fa202ebe9ccd89a96a8b2e97c4d3b250147b7523ce9', 1, 1, 'app', '[]', 0, '2021-05-01 04:52:35', '2021-05-01 04:52:35', '2022-05-01 10:22:35'),
('bb3fc6dca1ea83b01ba590f3e5e6454190e72b633c09a599c1c29e84a8153a3e8e92ff7201a850d4', 1, 1, 'app', '[]', 0, '2021-02-16 07:08:38', '2021-02-16 07:08:38', '2022-02-16 11:38:38'),
('c2cd89995f2e119064e6030038203bdd720e6046721bf23645fe277caf24e759f2c1607445bfad1d', 1, 1, 'app', '[]', 0, '2021-03-18 00:24:50', '2021-03-18 00:24:50', '2022-03-18 04:54:50'),
('c571164d217b18f01ce1a6275cd54216617f4cc48f59dc3f68bf9b7d5817afc386f3546d12970028', 1, 1, 'app', '[]', 0, '2021-03-08 06:36:32', '2021-03-08 06:36:32', '2022-03-08 11:06:32'),
('c78a54112ae0ca1105f6bcc90e87ea295f7f6df1abaf2e8d63a1714f6e7a6618f8a4cf812f2f8e6d', 1, 1, 'app', '[]', 0, '2021-02-17 00:54:14', '2021-02-17 00:54:14', '2022-02-17 05:24:14'),
('c8d2aaac6a18a3c1ecad0cc3a5bda649d442094fecaa99ec872b95c2956c3f21af63d0ea9a3af5b3', 1, 1, 'app', '[]', 0, '2021-02-16 07:02:11', '2021-02-16 07:02:11', '2022-02-16 11:32:11'),
('c9058a2bacf07fbe8890a7beb699c0ccca08b48b84f8eeb23efc368d94480073c1aee295ee09fcd6', 1, 1, 'app', '[]', 0, '2021-05-03 21:30:26', '2021-05-03 21:30:26', '2022-05-04 03:00:26'),
('c96c22fb2ae1088d1aca4780ff79dba72f712f23205598adb9f7e87a9eb0617221779717e665ce47', 1, 1, 'app', '[]', 0, '2021-05-03 23:45:43', '2021-05-03 23:45:43', '2022-05-04 05:15:43'),
('caf23f91b6bfba93ca8b83f49842b48d8fadd00f447e556278bccccd5ab3c3de6beae593b9274881', 1, 1, 'app', '[]', 0, '2021-02-16 05:26:23', '2021-02-16 05:26:23', '2022-02-16 09:56:23'),
('cb3c7e2d4f8f1cc09b3f491ae37c61dd081687ca236469455489bd0775237f0ae70614465c504af3', 1, 1, 'app', '[]', 0, '2021-02-17 03:06:40', '2021-02-17 03:06:40', '2022-02-17 07:36:40'),
('cc675e8ebcee9dbd6fb49e13c11e642838feb243667bfc12f41fbee03c705a6794aca52dfc582f7f', 1, 1, 'app', '[]', 0, '2021-05-03 21:30:05', '2021-05-03 21:30:05', '2022-05-04 03:00:05'),
('ccb9601f7d1293d3f68e98411ce19918b80c5f2a3a4a1cb8e922dff06668af89eb86008745dd113f', 1, 2, NULL, '[\"*\"]', 0, '2021-02-16 02:38:15', '2021-02-16 02:38:15', '2022-02-16 07:08:15'),
('cd6e7a9d1594a1d839322aa3600176412ba05eb1403ce3db2a85116c53f74f37e2575c0ecc41dc24', 1, 1, 'app', '[]', 0, '2021-02-17 01:42:16', '2021-02-17 01:42:16', '2022-02-17 06:12:16'),
('cf24ed9958a41fb2b77ddcd5e700dffa933d375ccddb6086e525567394f9448ba326bf0b7af18872', 1, 1, 'app', '[]', 0, '2021-02-17 00:47:07', '2021-02-17 00:47:07', '2022-02-17 05:17:07'),
('cff0d4407de4c0adaf181fd40d11eead2e9ea82bf7ffd268e5a529d8c6e908d3b75121320eae2bf3', 1, 2, NULL, '[\"*\"]', 0, '2021-02-16 02:14:12', '2021-02-16 02:14:12', '2022-02-16 06:44:12'),
('d21d79f388a62561066be2837ec380f5f0634753c246c26f5ff2479b2237d30ca3310e074972ae41', 1, 1, 'app', '[]', 0, '2021-03-08 05:17:19', '2021-03-08 05:17:19', '2022-03-08 09:47:19'),
('d290a92c6936bc68639a7ccbdb1940478050a1e70951f20308ae2c7cab7d1de7a50be085b4662939', 1, 1, 'app', '[]', 0, '2021-02-16 05:42:11', '2021-02-16 05:42:11', '2022-02-16 10:12:11'),
('d4948ead462ca379e06085da2e01aa041409a1f17d219482ab78dd08d578260b3b1fc0bfdd06d67f', 1, 1, 'app', '[]', 0, '2021-04-22 04:32:42', '2021-04-22 04:32:42', '2022-04-22 10:02:42'),
('d52b0cb5dd48005adb67eaf051b9c171abf23934b41561a357618dc1125d8b2411aa6cab0f64e08a', 1, 1, 'app', '[]', 0, '2021-05-03 00:20:16', '2021-05-03 00:20:16', '2022-05-03 05:50:16'),
('d5b8e1bdf0ee8f30c96ab4da61d6d8f187314277b2440b3e74313d8822d0ccc44e6ce24624f27d54', 1, 1, 'app', '[]', 0, '2021-04-20 07:47:13', '2021-04-20 07:47:13', '2022-04-20 13:17:13'),
('d7873a12c5208daa41f96a432f7216190fe03902de598d18c28a50c074f8d94a0d80a413931e5ad0', 1, 1, 'app', '[]', 0, '2021-03-01 01:53:44', '2021-03-01 01:53:44', '2022-03-01 06:23:44'),
('d964ba9157bf5e71428c3e4a2bf8371141bb8daa394e9f7622f29be04ad33d1a01a4a7111a78a4ed', 1, 1, 'app', '[]', 0, '2021-02-16 06:38:31', '2021-02-16 06:38:31', '2022-02-16 11:08:31'),
('dd9fa10ed24f21b3d2934bad9a7ecce6eb0e2da7660b69a250f111f21d58dc3f7fb8c38edd21b73a', 1, 1, 'app', '[]', 0, '2021-03-01 02:08:09', '2021-03-01 02:08:09', '2022-03-01 06:38:09'),
('ddad58e6140780904274b7552a0ccc553dc5959f643de4d03ec00cc5bbe823f67c1805242e5a9c30', 2, 1, 'app', '[]', 0, '2021-05-03 23:45:05', '2021-05-03 23:45:05', '2022-05-04 05:15:05'),
('dfe9ba96ab6cc21e0771881f1cd3ebe9ca4210a13aac9e1b896551c73d57bcc2e03e0a3a3c6a91e3', 1, 1, 'app', '[]', 0, '2021-04-30 16:51:07', '2021-04-30 16:51:07', '2022-04-30 22:21:07'),
('e1b2694375407db66a23532b86ce69573d1ddba2c9d62a4c0373da2daf7b653c08ee763c450ebfa5', 1, 2, NULL, '[\"*\"]', 0, '2021-02-15 12:03:23', '2021-02-15 12:03:23', '2022-02-15 16:33:23'),
('e30131a6cee07e71dbb138164347c985330813bcce79fd81b7e0e9d621eeda5292247e4472329267', 2, 1, 'app', '[]', 0, '2021-03-06 04:57:43', '2021-03-06 04:57:43', '2022-03-06 09:27:43'),
('e4e63ccca622295d95f4269b47d5e33be5c1627d7798669ccbeceaae8ad318c86306cae51af65e2d', 1, 1, 'app', '[]', 0, '2021-02-17 00:56:05', '2021-02-17 00:56:05', '2022-02-17 05:26:05'),
('e657590c732b58e6182ac73a6757adc83ecc781caffe37a1a3ac32803d5bce6adb286d9b79edefa2', 1, 1, 'app', '[]', 0, '2021-03-01 01:55:41', '2021-03-01 01:55:41', '2022-03-01 06:25:41'),
('e8931bc8c373936c18a737c4613a1087d400c4c6a54ff4f6ca890c40ad2f6e533ec9a1bc43569a48', 1, 1, 'app', '[]', 0, '2021-02-17 02:09:55', '2021-02-17 02:09:55', '2022-02-17 06:39:55'),
('ea18f76a27c603c93ed1e50c873f59c5884450ba4f7d3a36a08880cca8705702b2ae813368b8a9d4', 1, 1, 'app', '[]', 0, '2021-02-16 06:56:29', '2021-02-16 06:56:29', '2022-02-16 11:26:29'),
('eac9af68cd0800d9af28f707acb7481b66b302e43420666d5908b6ef00cb94cb908790a296909f6b', 1, 1, 'app', '[]', 0, '2021-02-16 05:44:58', '2021-02-16 05:44:58', '2022-02-16 10:14:58'),
('ec161ec5d4126506a4dddcf5c8965bbc82560f5751e2c33e4379883d1b88b9351bce93badda58ab0', 1, 1, 'app', '[]', 0, '2021-05-03 00:22:39', '2021-05-03 00:22:39', '2022-05-03 05:52:39'),
('eebe4cd1591d36559fde54d388e2490cb94daca5022385a8b1b4f69ef5fdac2f36cb961d4e26bd8c', 1, 1, 'app', '[]', 0, '2021-02-16 06:29:19', '2021-02-16 06:29:19', '2022-02-16 10:59:19'),
('f1556df5152d4ad76e95c88b2975131832b41c441b59513d83730b3d08d60408f430916b1c56eb83', 1, 1, 'app', '[]', 0, '2021-05-03 00:02:22', '2021-05-03 00:02:22', '2022-05-03 05:32:22'),
('f5f2d3c499022180ef424ca471fb44f861f7c5f6706f1d3ae22215bd8b7936c44480b15da1dece21', 2, 1, 'app', '[]', 0, '2021-05-04 01:07:23', '2021-05-04 01:07:23', '2022-05-04 06:37:23'),
('f6f06e4b841031d04487b67227a052ded3138ec45587a362b326612f6e8a42a973fe057b2e2cded2', 1, 1, 'app', '[]', 0, '2021-02-16 05:50:44', '2021-02-16 05:50:44', '2022-02-16 10:20:44'),
('f939a06c30cf7dda66bc7bff829d002cd72d3d163e03fe56c4611d5834ac2d8059dd6e07a6cc4119', 1, 1, 'app', '[]', 0, '2021-03-08 05:21:08', '2021-03-08 05:21:08', '2022-03-08 09:51:08'),
('fa158c035d3d2cf80a267faf9b70d7839fecf3989c8f68331b71994ea985dd3f2baecab71ab27f4c', 1, 1, 'app', '[]', 0, '2021-02-16 06:28:59', '2021-02-16 06:28:59', '2022-02-16 10:58:59'),
('fbec9233389e013aa62667de9fff18e52d2877bf8cacdb588269d4cbc8566f22b086f5b75ab23fc5', 1, 1, 'app', '[]', 0, '2021-03-01 02:01:45', '2021-03-01 02:01:45', '2022-03-01 06:31:45'),
('fc20dcf6a15a9963446b7a625a694231bf73eff24ee2ba995ee40bfcdcf23dd4f1095dfe3ebf9e54', 1, 1, 'app', '[]', 0, '2021-02-17 01:57:05', '2021-02-17 01:57:05', '2022-02-17 06:27:05'),
('fcbaff3f239a910ff3c16957b4693291c72dfa324a754f30118c7088b1a1b2dedb43cd21a2bb2184', 1, 1, 'app', '[]', 0, '2021-02-16 05:39:27', '2021-02-16 05:39:27', '2022-02-16 10:09:27'),
('fdfbc9efd547bc86efcda5e45d0bfdee3f680f2b09b988a24c4b5bb472703917402e1fccb5fcf04e', 1, 1, 'app', '[]', 0, '2021-03-01 01:58:19', '2021-03-01 01:58:19', '2022-03-01 06:28:19'),
('fec33633b7d24a3ecdfc657c5d9638c315ca4f68d073d5b85d15df5df374722095fa26beb55a2124', 1, 1, 'app', '[]', 0, '2021-03-01 01:58:00', '2021-03-01 01:58:00', '2022-03-01 06:28:00'),
('ff68ae576d6aa51d70581789d2a9e881ddff6b27dc1e467c6df2d13cc55e7cac3f64a60eddf45d08', 1, 2, NULL, '[\"*\"]', 0, '2021-02-16 02:48:58', '2021-02-16 02:48:58', '2022-02-16 07:18:58');

-- --------------------------------------------------------

--
-- Table structure for table `oauth_auth_codes`
--

CREATE TABLE `oauth_auth_codes` (
  `id` varchar(100) COLLATE utf8mb4_unicode_ci NOT NULL,
  `user_id` bigint(20) UNSIGNED NOT NULL,
  `client_id` bigint(20) UNSIGNED NOT NULL,
  `scopes` text COLLATE utf8mb4_unicode_ci,
  `revoked` tinyint(1) NOT NULL,
  `expires_at` datetime DEFAULT NULL
) ENGINE=InnoDB DEFAULT CHARSET=utf8mb4 COLLATE=utf8mb4_unicode_ci;

-- --------------------------------------------------------

--
-- Table structure for table `oauth_clients`
--

CREATE TABLE `oauth_clients` (
  `id` bigint(20) UNSIGNED NOT NULL,
  `user_id` bigint(20) UNSIGNED DEFAULT NULL,
  `name` varchar(255) COLLATE utf8mb4_unicode_ci NOT NULL,
  `secret` varchar(100) COLLATE utf8mb4_unicode_ci DEFAULT NULL,
  `provider` varchar(255) COLLATE utf8mb4_unicode_ci DEFAULT NULL,
  `redirect` text COLLATE utf8mb4_unicode_ci NOT NULL,
  `personal_access_client` tinyint(1) NOT NULL,
  `password_client` tinyint(1) NOT NULL,
  `revoked` tinyint(1) NOT NULL,
  `created_at` timestamp NULL DEFAULT NULL,
  `updated_at` timestamp NULL DEFAULT NULL
) ENGINE=InnoDB DEFAULT CHARSET=utf8mb4 COLLATE=utf8mb4_unicode_ci;

--
-- Dumping data for table `oauth_clients`
--

INSERT INTO `oauth_clients` (`id`, `user_id`, `name`, `secret`, `provider`, `redirect`, `personal_access_client`, `password_client`, `revoked`, `created_at`, `updated_at`) VALUES
(1, NULL, 'Laravel Personal Access Client', 'Dxf0ngexuOfXbK4YmxDuRiZ8WueWvHG8fUscjGc2', NULL, 'http://localhost', 1, 0, 0, '2021-02-15 06:32:04', '2021-02-15 06:32:04'),
(2, NULL, 'Laravel Password Grant Client', 'drwtvifVfi5bNBQUouVq6HrAjmlqpT3R5orrg2QN', 'users', 'http://localhost', 0, 1, 0, '2021-02-15 06:32:04', '2021-02-15 06:32:04');

-- --------------------------------------------------------

--
-- Table structure for table `oauth_personal_access_clients`
--

CREATE TABLE `oauth_personal_access_clients` (
  `id` bigint(20) UNSIGNED NOT NULL,
  `client_id` bigint(20) UNSIGNED NOT NULL,
  `created_at` timestamp NULL DEFAULT NULL,
  `updated_at` timestamp NULL DEFAULT NULL
) ENGINE=InnoDB DEFAULT CHARSET=utf8mb4 COLLATE=utf8mb4_unicode_ci;

--
-- Dumping data for table `oauth_personal_access_clients`
--

INSERT INTO `oauth_personal_access_clients` (`id`, `client_id`, `created_at`, `updated_at`) VALUES
(1, 1, '2021-02-15 06:32:04', '2021-02-15 06:32:04');

-- --------------------------------------------------------

--
-- Table structure for table `oauth_refresh_tokens`
--

CREATE TABLE `oauth_refresh_tokens` (
  `id` varchar(100) COLLATE utf8mb4_unicode_ci NOT NULL,
  `access_token_id` varchar(100) COLLATE utf8mb4_unicode_ci NOT NULL,
  `revoked` tinyint(1) NOT NULL,
  `expires_at` datetime DEFAULT NULL
) ENGINE=InnoDB DEFAULT CHARSET=utf8mb4 COLLATE=utf8mb4_unicode_ci;

--
-- Dumping data for table `oauth_refresh_tokens`
--

INSERT INTO `oauth_refresh_tokens` (`id`, `access_token_id`, `revoked`, `expires_at`) VALUES
('395d6dd5fef49e1bef78efdfb8641fd663ffbc2aa0ef2a359538533c3874d8f65d90eea45dfb07af', 'ccb9601f7d1293d3f68e98411ce19918b80c5f2a3a4a1cb8e922dff06668af89eb86008745dd113f', 0, '2022-02-16 07:08:15'),
('4e45fbabcbf5920ea55e6b4b7f38ade29cb5620e39d98328365c6192a524b8a1fbfa468ee33631f7', '83633baf2ce851d2a10a554833160e17c0eefcf94f5a6ee32876db79c04d03023a3b56dc0a47db0d', 0, '2022-02-16 06:30:07'),
('560532ba610838696373de14a84a2257d28f5f65e38fb3bb40054be3b6564b89045c85079cd81776', '54bc65a17fcbd9d4b4d0b5c623fd84324cc675015cca2b538d23765251730efa3a33e9505614d850', 0, '2022-02-16 06:16:22'),
('5a49590ca0c996e96416b3aa236de4df3e0495b8a00a5bec9ea66bd16bfdc6c5984eb06bb0a5eb94', 'cff0d4407de4c0adaf181fd40d11eead2e9ea82bf7ffd268e5a529d8c6e908d3b75121320eae2bf3', 0, '2022-02-16 06:44:12'),
('86519a60afe0680dfa54278aca55a15a5756ac8df965561d4f5c4ff2621484998caab8f80741ff22', '0aac62ac6833e1c38fcddad57ee20298331a3a8dabaa282c374df7189ab5073f5f3c15db9a84010a', 0, '2022-02-16 07:21:06'),
('8c0accb3dcfd121158cd4f37a8d323b1e2508b64ce613cdcf096363b52d5646c1f3bd6bb6dca920e', 'ff68ae576d6aa51d70581789d2a9e881ddff6b27dc1e467c6df2d13cc55e7cac3f64a60eddf45d08', 0, '2022-02-16 07:18:58'),
('cf87c6fbfbe734fb5ea7c9be35e5108246e57771c22ef34d802281f8232da428c9b43e5ab417b590', 'e1b2694375407db66a23532b86ce69573d1ddba2c9d62a4c0373da2daf7b653c08ee763c450ebfa5', 0, '2022-02-15 16:33:23'),
('f0138dfa787e5a76d7fa7da0c3e6636e7a8939c35fbf1942b42d788f1218a8a52e1a702a8bdbd6a5', '235744afca2125f0e4cf747886a5e847ff55e15a4ed87b6e954f5b45b06d25791927a7e06a94fc6e', 0, '2022-02-16 07:18:51'),
('f68fead73d423fb2aa6ccc18231d616ffa7373c85dee1f9da087e542a9cedb5005e6673b48745b95', '7994a493c5a5752fb5b43892e5f011afe5ae0379739104de5f216dd8df2d38184816ebc799358991', 0, '2022-02-16 09:29:27');

-- --------------------------------------------------------

--
-- Table structure for table `password_resets`
--

CREATE TABLE `password_resets` (
  `email` varchar(255) COLLATE utf8mb4_unicode_ci NOT NULL,
  `token` varchar(255) COLLATE utf8mb4_unicode_ci NOT NULL,
  `created_at` timestamp NULL DEFAULT NULL
) ENGINE=InnoDB DEFAULT CHARSET=utf8mb4 COLLATE=utf8mb4_unicode_ci;

-- --------------------------------------------------------

--
-- Table structure for table `projects`
--

CREATE TABLE `projects` (
  `id` bigint(20) UNSIGNED NOT NULL,
  `country` varchar(255) COLLATE utf8mb4_unicode_ci NOT NULL,
  `city_id` bigint(20) UNSIGNED NOT NULL,
  `name` varchar(255) COLLATE utf8mb4_unicode_ci NOT NULL,
  `discription` varchar(255) COLLATE utf8mb4_unicode_ci DEFAULT NULL,
  `dirt_loss` decimal(8,2) NOT NULL,
  `motor_cable` decimal(8,2) NOT NULL,
  `daynomic_head` decimal(8,2) NOT NULL,
  `daily_output` decimal(8,2) NOT NULL,
  `solar_brand_id` bigint(20) UNSIGNED NOT NULL,
  `pump_brand_id` bigint(20) UNSIGNED NOT NULL,
  `invertor_brand_id` bigint(20) UNSIGNED NOT NULL,
  `created_at` timestamp NULL DEFAULT NULL,
  `updated_at` timestamp NULL DEFAULT NULL
) ENGINE=InnoDB DEFAULT CHARSET=utf8mb4 COLLATE=utf8mb4_unicode_ci;

-- --------------------------------------------------------

--
-- Table structure for table `project_accessories`
--

CREATE TABLE `project_accessories` (
  `id` bigint(20) UNSIGNED NOT NULL,
  `project_id` bigint(20) UNSIGNED NOT NULL,
  `accessories_id` bigint(20) UNSIGNED NOT NULL,
  `quantity` int(11) NOT NULL,
  `created_at` timestamp NULL DEFAULT NULL,
  `updated_at` timestamp NULL DEFAULT NULL
) ENGINE=InnoDB DEFAULT CHARSET=utf8mb4 COLLATE=utf8mb4_unicode_ci;

-- --------------------------------------------------------

--
-- Table structure for table `pump_brands`
--

CREATE TABLE `pump_brands` (
  `id` bigint(20) UNSIGNED NOT NULL,
  `name` varchar(255) COLLATE utf8mb4_unicode_ci NOT NULL,
  `country` varchar(255) COLLATE utf8mb4_unicode_ci NOT NULL,
  `discription` varchar(255) COLLATE utf8mb4_unicode_ci NOT NULL,
  `image` varchar(255) COLLATE utf8mb4_unicode_ci NOT NULL,
  `created_at` timestamp NULL DEFAULT NULL,
  `updated_at` timestamp NULL DEFAULT NULL
) ENGINE=InnoDB DEFAULT CHARSET=utf8mb4 COLLATE=utf8mb4_unicode_ci;

--
-- Dumping data for table `pump_brands`
--

INSERT INTO `pump_brands` (`id`, `name`, `country`, `discription`, `image`, `created_at`, `updated_at`) VALUES
(9, 'PEDROLLO', 'Italy', 'Submersible pump', '1618378996.png', '2021-04-14 00:13:16', '2021-04-14 00:13:16'),
(10, 'DONGYIN', 'China', 'SUMBERSIBLE WATER PUMP', '1618380631.png', '2021-04-14 00:40:31', '2021-04-14 00:40:31');

-- --------------------------------------------------------

--
-- Table structure for table `pump_lists`
--

CREATE TABLE `pump_lists` (
  `id` bigint(20) UNSIGNED NOT NULL,
  `serial_no` int(11) NOT NULL,
  `pump_brand_id` bigint(20) UNSIGNED NOT NULL,
  `model` varchar(255) COLLATE utf8mb4_unicode_ci NOT NULL,
  `outlet` varchar(255) COLLATE utf8mb4_unicode_ci NOT NULL,
  `ampeier` varchar(255) COLLATE utf8mb4_unicode_ci NOT NULL,
  `diameter` varchar(255) COLLATE utf8mb4_unicode_ci NOT NULL,
  `power` varchar(100) COLLATE utf8mb4_unicode_ci NOT NULL,
  `voltage` varchar(100) COLLATE utf8mb4_unicode_ci DEFAULT '',
  `phase` enum('1Phase','3Phase') COLLATE utf8mb4_unicode_ci NOT NULL DEFAULT '1Phase',
  `hp` varchar(255) COLLATE utf8mb4_unicode_ci DEFAULT '',
  `weight` varchar(255) COLLATE utf8mb4_unicode_ci DEFAULT '',
  `discription` varchar(255) COLLATE utf8mb4_unicode_ci DEFAULT NULL,
  `image` varchar(255) COLLATE utf8mb4_unicode_ci DEFAULT NULL,
  `data_sheet` varchar(255) COLLATE utf8mb4_unicode_ci DEFAULT '',
  `graph` varchar(255) COLLATE utf8mb4_unicode_ci DEFAULT '',
  `created_at` timestamp NULL DEFAULT NULL,
  `updated_at` timestamp NULL DEFAULT NULL
) ENGINE=InnoDB DEFAULT CHARSET=utf8mb4 COLLATE=utf8mb4_unicode_ci;

--
-- Dumping data for table `pump_lists`
--

INSERT INTO `pump_lists` (`id`, `serial_no`, `pump_brand_id`, `model`, `outlet`, `ampeier`, `diameter`, `power`, `voltage`, `phase`, `hp`, `weight`, `discription`, `image`, `data_sheet`, `graph`, `created_at`, `updated_at`) VALUES
(5, 12, 9, '4SR2/13', '1', '8.6', '4', '0.75', '110', '3Phase', '1', '13.3', 'null', '1618402361.png', '1620121008ds.pdf', '16201210083.jpeg', '2021-04-14 06:42:41', '2021-05-04 04:06:48'),
(7, 12, 9, '4SR2/20', '1', '5.9', '4', '1.1', '220', '3Phase', '1', '16.7', 'null', '1618402843.png', '1620121520ds.pdf', '16201215203.jpeg', '2021-04-14 06:50:43', '2021-05-04 04:15:20'),
(8, 12, 9, '4SR2/27', '1', '8.3', '4', '1.5', '220', '3Phase', '2', '19.9', 'null', '1618402905.png', '1620121603ds.pdf', '16201216033.jpeg', '2021-04-14 06:51:45', '2021-05-04 04:16:43'),
(9, 12, 9, '4SR2/39', '1', '6.1', '4', '2.2', '380', '3Phase', '3', '25', 'null', '1618402966.png', '1620121668ds.pdf', '16201216683.jpeg', '2021-04-14 06:52:46', '2021-05-04 04:17:48'),
(10, 12, 9, '4SR4/9', '1', '8.6', '4', '0.75', '110', '3Phase', '1', '12.5', 'null', '1618403012.png', '1620121737ds.pdf', '16201217373.jpeg', '2021-04-14 06:53:32', '2021-05-04 04:18:57'),
(11, 12, 9, '4SR4/14', '1', '5.9', '4', '1.1', '220', '3Phase', '1.5', '15.8', 'null', '1618403043.png', '1620122008ds.pdf', '16201220083.jpeg', '2021-04-14 06:54:03', '2021-05-04 04:23:28'),
(12, 12, 9, '4SR4/18', '1', '8.3', '4', '1.5', '220', '3Phase', '2', '17.6', 'null', '1618403094.png', '1620122070ds.pdf', '16201220703.jpeg', '2021-04-14 06:54:54', '2021-05-04 04:24:30'),
(13, 12, 9, '4SR4/26', '1', '6.1', '4', '2.2', '380', '3Phase', '3', '21.4', 'null', '1618403163.png', '1620122149ds.pdf', '16201221493.jpeg', '2021-04-14 06:56:03', '2021-05-04 04:25:50'),
(14, 12, 9, '4SR4/35', '1', '7.1', '4', '3', '380', '3Phase', '4', '26.1', 'null', '1618403217.png', '1620122222ds.pdf', '16201222223.jpeg', '2021-04-14 06:56:57', '2021-05-04 04:27:02'),
(15, 12, 9, '4SR4/46', '1', '9.2', '4', '4', '380', '3Phase', '5.5', '34.3', 'null', '1618403257.png', '1620122279ds.pdf', '16201222793.jpeg', '2021-04-14 06:57:37', '2021-05-04 04:27:59'),
(16, 12, 9, '4SR4/60', '1', '12.3', '4', '5.5', '380', '3Phase', '7.5', '45.1', 'null', '1618403294.png', '1620122366ds.pdf', '16201223663.jpeg', '2021-04-14 06:58:14', '2021-05-04 04:29:26'),
(17, 12, 9, '4SR6/6', '1.5', '8.6', '4', '0.75', '110', '3Phase', '1', '13.1', 'null', '1618403328.png', '1620122429ds.pdf', '16201224293.jpeg', '2021-04-14 06:58:48', '2021-05-04 04:30:29'),
(18, 12, 9, '4SR6/13', '1.5', '8.3', '4', '1.5', '220', '3Phase', '2', '17.2', 'null', '1618403401.png', '1620122505ds.pdf', '16201225053.jpeg', '2021-04-14 07:00:01', '2021-05-04 04:31:45'),
(19, 12, 9, '4SR6/17', '1.5', '6.1', '4', '2.2', '380', '3Phase', '3', '20.3', 'null', '1618403436.png', '1620122564ds.pdf', '16201225643.jpeg', '2021-04-14 07:00:36', '2021-05-04 04:32:44'),
(20, 12, 9, '4SR6/23', '1.5', '7.1', '4', '3', '380', '3Phase', '4', '24.6', 'null', '1618403471.png', '1620122627ds.pdf', '16201226273.jpeg', '2021-04-14 07:01:11', '2021-05-04 04:33:47'),
(21, 12, 9, '4SR6/31', '1.5', '9.2', '4', '4', '380', '3Phase', '5.5', '32', 'null', '1618403521.png', '1620122719ds.pdf', '16201227193.jpeg', '2021-04-14 07:02:01', '2021-05-04 04:35:19'),
(22, 12, 9, '4SR6/42', '1.5', '12.3', '4', '5.5', '380', '3Phase', '7.5', '40.7', 'null', '1618403547.png', '1620122792ds.pdf', '16201227923.jpeg', '2021-04-14 07:02:27', '2021-05-04 04:36:32'),
(23, 12, 9, '4SR6/56', '1.5', '16.4', '4', '7.5', '380', '3Phase', '11', '51.7', 'null', '1618403575.png', '1620122916ds.pdf', '16201229163.jpeg', '2021-04-14 07:02:55', '2021-05-04 04:38:36'),
(24, 12, 9, '4SR8/4', '2', '8.6', '4', '0.75', '110', '3Phase', '1', '12.6', 'null', '1618458006.png', '1620122989ds.pdf', '16201229893.jpeg', '2021-04-14 22:10:06', '2021-05-04 04:39:49'),
(25, 12, 9, '4SR8/7', '2', '5.9', '4', '1.1', '220', '3Phase', '1.5', '13.7', 'null', '1618458047.png', '1620123454ds.pdf', '16201234543.jpeg', '2021-04-14 22:10:48', '2021-05-04 04:47:34'),
(26, 12, 9, '4SR8/9', '2', '8.3', '4', '1.5', '220', '3Phase', '2', '16', 'null', '1618458093.png', '1620123512ds.pdf', '16201235123.jpeg', '2021-04-14 22:11:33', '2021-05-04 04:48:32'),
(27, 12, 9, '4SR8/13', '2', '6.1', '4', '2.2', '380', '3Phase', '3', '19.2', 'null', '1618458122.png', '1620123587ds.pdf', '16201235873.jpeg', '2021-04-14 22:12:02', '2021-05-04 04:49:47'),
(28, 12, 9, '4SR8/17', '2', '7.1', '4', '3', '380', '3Phase', '4', '24', 'null', '1618458148.png', '1620123664ds.pdf', '16201236223.jpeg', '2021-04-14 22:12:28', '2021-05-04 04:51:04'),
(29, 12, 9, '4SR8/23', '2', '9.2', '4', '4', '380', '3Phase', '5.5', '27.6', 'null', '1618458180.png', '1620123729ds.pdf', '16201237293.jpeg', '2021-04-14 22:13:00', '2021-05-04 04:53:29'),
(30, 12, 9, '4SR8/31', '2', '12.3', '4', '5.5', '380', '3Phase', '7.5', '36.6', 'null', '1618458212.png', '1620123797ds.pdf', '16201237973.jpeg', '2021-04-14 22:13:33', '2021-05-04 04:53:17'),
(31, 12, 9, '4SR8/42', '2', '16.4', '4', '7.5', '380', '3Phase', '11', '44.6', 'null', '1618458241.png', '1620123868ds.pdf', '16201238683.jpeg', '2021-04-14 22:14:01', '2021-05-04 04:54:28'),
(32, 12, 9, '4SR10/5', '2', '5.9', '4', '1.1', '220', '3Phase', '1.5', '15.3', 'null', '1618458281.png', '1620124140ds.pdf', '16201241403.jpeg', '2021-04-14 22:14:42', '2021-05-04 04:59:00'),
(33, 12, 9, '4SR10/7', '2', '8.3', '4', '1.5', '220', '3Phase', '2', '16.9', 'null', '1618458352.png', '1620124202ds.pdf', '16201242023.jpeg', '2021-04-14 22:15:52', '2021-05-04 05:00:02'),
(34, 12, 9, '4SR10/10', '2', '6.1', '4', '2.2', '380', '3Phase', '3', '21.4', 'null', '1618458391.png', '1620124275ds.pdf', '16201242753.jpeg', '2021-04-14 22:16:32', '2021-05-04 05:01:16'),
(35, 12, 9, '4SR10/15', '2', '7.1', '4', '3', '380', '3Phase', '4', '25.6', 'null', '1618458451.png', '1620124348ds.pdf', '16201243483.jpeg', '2021-04-14 22:17:31', '2021-05-04 05:02:29'),
(36, 12, 9, '4SR10/20', '2', '9.2', '4', '4', '380', '3Phase', '5.5', '33.4', 'null', '1618458479.png', '1620124399ds.pdf', '16201243993.jpeg', '2021-04-14 22:17:59', '2021-05-04 05:03:19'),
(37, 12, 9, '4SR10/26', '2', '12.3', '4', '5.5', '380', '3Phase', '7.5', '41.4', 'null', '1618458505.png', '1620124472ds.pdf', '16201244723.jpeg', '2021-04-14 22:18:25', '2021-05-04 05:04:33'),
(38, 12, 9, '4SR10/35', '2', '16.4', '4', '7.5', '380', '3Phase', '11', '49.4', 'null', '1618458533.png', '1620124546ds.pdf', '16201245463.jpeg', '2021-04-14 22:18:53', '2021-05-04 05:05:46'),
(39, 12, 9, '4SR12/6', '2', '8.3', '4', '1.5', '220', '3Phase', '2', '17.7', 'null', '1618458569.png', '1620124697ds.pdf', '16201246973.jpeg', '2021-04-14 22:19:29', '2021-05-04 05:08:17'),
(40, 12, 9, '4SR12/9', '2', '6.1', '4', '2.2', '380', '3Phase', '3', '21.1', 'null', '1618458595.png', '1620124741ds.pdf', '16201247413.jpeg', '2021-04-14 22:19:55', '2021-05-04 05:09:01'),
(41, 12, 9, '4SR12/12', '2', '7.1', '4', '3', '380', '3Phase', '4', '24.4', 'null', '1618458621.png', '1620124813ds.pdf', '16201248133.jpeg', '2021-04-14 22:20:21', '2021-05-04 05:10:13'),
(42, 12, 9, '4SR12/16', '2', '9.2', '4', '4', '380', '3Phase', '5.5', '28.9', 'null', '1618458649.png', '1620124882ds.pdf', '16201248823.jpeg', '2021-04-14 22:20:49', '2021-05-04 05:11:22'),
(43, 12, 9, '4SR12/22', '2', '12.3', '4', '5.5', '380', '3Phase', '7.5', '37.5', 'null', '1618458671.png', '1620124940ds.pdf', '16201249403.jpeg', '2021-04-14 22:21:11', '2021-05-04 05:12:20'),
(44, 12, 9, '4SR12/29', '2', '16.4', '4', '7.5', '380', '3Phase', '11', '46.5', 'null', '1618458695.png', '1620124993ds.pdf', '16201249933.jpeg', '2021-04-14 22:21:35', '2021-05-04 05:13:13'),
(45, 12, 9, '4SR15/5', '2', '8.3', '4', '1.5', '220', '3Phase', '2', '16.1', 'null', '1618458722.png', '1620125055ds.pdf', '16201250553.jpeg', '2021-04-14 22:22:02', '2021-05-04 05:14:15'),
(46, 12, 9, '4SR15/7', '2', '6.1', '4', '2.2', '380', '3Phase', '3', '18.8', 'null', '1618458751.png', '1620125119ds.pdf', '16201251193.jpeg', '2021-04-14 22:22:31', '2021-05-04 05:15:19'),
(47, 12, 9, '4SR15/10', '2', '7.1', '4', '3', '380', '3Phase', '4', '24.5', 'null', '1618458783.png', '1620125182ds.pdf', '16201251823.jpeg', '2021-04-14 22:23:03', '2021-05-04 05:16:22'),
(48, 12, 9, '4SR15/13', '2', '9.2', '4', '4', '380', '3Phase', '5.5', '27.3', 'null', '1618458805.png', '1620125257ds.pdf', '16201252573.jpeg', '2021-04-14 22:23:25', '2021-05-04 05:17:37'),
(49, 12, 9, '4SR15/18', '2', '12.3', '4', '5.5', '380', '3Phase', '7.5', '36.3', 'null', '1618458835.png', '1620125312ds.pdf', '16201253123.jpeg', '2021-04-14 22:23:55', '2021-05-04 05:18:32'),
(50, 12, 9, '4SR15/24', '2', '16.4', '4', '7.5', '380', '3Phase', '11', '43.7', 'null', '1618458865.png', '1620125364ds.pdf', '16201253643.jpeg', '2021-04-14 22:24:25', '2021-05-04 05:19:24'),
(51, 12, 9, '4SR6/9', '1.5', '5.9', '4', '1.1', '220', '3Phase', '1.5', '14.9', 'null', '1618458947.png', '1620128027ds.pdf', '16201280273.jpeg', '2021-04-14 22:25:47', '2021-05-04 06:03:48'),
(52, 12, 9, '6SR18/4', '3', '9.3', '6', '4', '380', '3Phase', '5.5', '49.6', 'null', '1618459156.png', '1620128528ds.pdf', '16201285283.jpeg', '2021-04-14 22:29:17', '2021-05-04 06:12:08'),
(53, 12, 9, '6SR18/6', '3', '12.9', '6', '5.5', '380', '3Phase', '7.5', '53.6', 'null', '1618459220.png', '1620128588ds.pdf', '16201285883.jpeg', '2021-04-14 22:30:20', '2021-05-04 06:13:08'),
(54, 12, 9, '6SR18/9', '3', '17.1', '6', '7.5', '380', '3Phase', '11', '60.3', 'null', '1618459245.png', '1620128645ds.pdf', '16201286453.jpeg', '2021-04-14 22:30:45', '2021-05-04 06:14:05'),
(55, 12, 9, '6SR18/13', '3', '23.8', '6', '11', '380', '3Phase', NULL, '76.9', 'null', '1618459270.png', '1620128734ds.pdf', '16201287343.jpeg', '2021-04-14 22:31:10', '2021-05-04 06:15:34'),
(56, 12, 9, '6SR18/18', '3', '31.6', '6', '15', '380', '3Phase', '20', '87.6', 'null', '1618459297.png', '1620128799ds.pdf', '16201287993.jpeg', '2021-04-14 22:31:37', '2021-05-04 06:16:39'),
(57, 12, 9, '6SR18/22', '3', '39', '6', '18.5', '380', '3Phase', '25', '99.7', 'null', '1618459321.png', '1620128874ds.pdf', '16201288743.jpeg', '2021-04-14 22:32:01', '2021-05-04 06:17:54'),
(58, 12, 9, '6SR18/26', '3', '46.5', '6', '22', '380', '3Phase', '30', '125.7', 'null', '1618459349.png', '1620128928ds.pdf', '16201289283.jpeg', '2021-04-14 22:32:29', '2021-05-04 06:18:48'),
(59, 12, 9, '6SR27/4', '3', '9.3', '6', '4', '380', '3Phase', '5.5', '47.9', 'null', '1618459375.png', '1620129012ds.pdf', '16201290123.jpeg', '2021-04-14 22:32:55', '2021-05-04 06:20:12'),
(60, 12, 9, '6SR27/5', '3', '12.9', '6', '5.5', '380', '3Phase', '7.5', '53.5', 'null', '1618459870.png', '1620129106ds.pdf', '16201291063.jpeg', '2021-04-14 22:41:10', '2021-05-04 06:21:46'),
(61, 12, 9, '6SR27/7', '3', '17.1', '6', '7.5', '380', '3Phase', '11', '58.8', 'null', '1618460072.png', '1620129158ds.pdf', '16201291583.jpeg', '2021-04-14 22:44:32', '2021-05-04 06:22:38'),
(63, 12, 9, '6SR27/10', '3', '23.8', '6', '11', '380', '3Phase', NULL, '74.1', 'null', '1618460150.png', '1620129213ds.pdf', '16201292133.jpeg', '2021-04-14 22:45:50', '2021-05-04 06:23:34'),
(64, 12, 9, '6SR27/14', '3', '31.6', '6', '15', '380', '3Phase', '20', '85.9', 'null', '1618460238.png', '1620129272ds.pdf', '16201292723.jpeg', '2021-04-14 22:47:18', '2021-05-04 06:24:32'),
(65, 12, 9, '6SR27/17', '3', '39', '6', '18.5', '380', '3Phase', '25', '97.5', 'null', '1618460266.png', '1620129322ds.pdf', '16201293223.jpeg', '2021-04-14 22:47:46', '2021-05-04 06:25:22'),
(66, 12, 9, '6SR27/20', '3', '46.5', '6', '22', '380', '3Phase', '30', '123', 'null', '1618460294.png', '1620129382ds.pdf', '16201293823.jpeg', '2021-04-14 22:48:14', '2021-05-04 06:26:22'),
(67, 12, 9, '6SR27/27', '3', '63.5', '6', '30', '380', '3Phase', '40', '135.8', 'null', '1618460366.png', '1620129437ds.pdf', '16201294373.jpeg', '2021-04-14 22:49:26', '2021-05-04 06:27:18'),
(68, 12, 9, '6SR36/4', '3', '9.3', '6', '4', '380', '3Phase', '5.5', '55.4', 'null', '1618460395.png', '1620129496ds.pdf', '16201294963.jpeg', '2021-04-14 22:49:55', '2021-05-04 06:28:16'),
(69, 12, 9, '6SR36/6', '3', '12.9', '6', '5.5', '380', '3Phase', '7.5', '64', 'null', '1618460422.png', '1620129540ds.pdf', '16201295403.jpeg', '2021-04-14 22:50:22', '2021-05-04 06:29:00'),
(70, 12, 9, '6SR36/8', '3', '17.1', '6', '7.5', '380', '3Phase', '11', '71', 'null', '1618460445.png', '1620129601ds.pdf', '16201296013.jpeg', '2021-04-14 22:50:45', '2021-05-04 06:30:01'),
(71, 12, 9, '6SR36/11', '3', '23.8', '6', '11', '380', '3Phase', NULL, '90', 'null', '1618460466.png', '1620129668ds.pdf', '16201296683.jpeg', '2021-04-14 22:51:07', '2021-05-04 06:31:08'),
(72, 12, 9, '6SR36/15', '3', '31.6', '6', '15', '380', '3Phase', '20', '107', 'null', '1618460496.png', '1620129723ds.pdf', '16201297233.jpeg', '2021-04-14 22:51:37', '2021-05-04 06:32:03'),
(73, 12, 9, '6SR36/19', '3', '39', '6', '18.5', '380', '3Phase', '25', '121', 'null', '1618460520.png', '1620129767ds.pdf', '16201297673.jpeg', '2021-04-14 22:52:00', '2021-05-04 06:32:47'),
(74, 12, 9, '6SR36/23', '3', '46.5', '6', '22', '380', '3Phase', '30', '154', 'null', '1618460550.png', '1620129816ds.pdf', '16201298163.jpeg', '2021-04-14 22:52:30', '2021-05-04 06:33:36'),
(75, 12, 9, '6SR44/3', '3', '9.3', '6', '4', '380', '3Phase', '5.5', '54', 'null', '1618460574.png', '1620129860ds.pdf', '16201298603.jpeg', '2021-04-14 22:52:54', '2021-05-04 06:34:20'),
(76, 12, 9, '6SR44/4', '3', '12.9', '6', '5.5', '380', '3Phase', '7.5', '57.5', 'null', '1618460605.png', '1620129908ds.pdf', '16201299083.jpeg', '2021-04-14 22:53:25', '2021-05-04 06:35:08'),
(77, 12, 9, '6SR44/5', '3', '17.1', '6', '7.5', '380', '3Phase', '11', '63.1', 'null', '1618460646.png', '1620129947ds.pdf', '16201299473.jpeg', '2021-04-14 22:54:07', '2021-05-04 06:35:48'),
(78, 12, 9, '6SR44/8', '3', '23.8', '6', '11', '380', '3Phase', NULL, '82.2', 'null', '1618460683.png', '1620130097ds.pdf', '16201300973.jpeg', '2021-04-14 22:54:43', '2021-05-04 06:38:17'),
(79, 12, 9, '6SR44/11', '3', '31.6', '6', '15', '380', '3Phase', '20', '97', 'null', '1618460710.png', '1620130140ds.pdf', '16201301403.jpeg', '2021-04-14 22:55:10', '2021-05-04 06:39:00'),
(80, 12, 9, '6SR44/13', '3', '39', '6', '18.5', '380', '3Phase', '25', '110', 'null', '1618460735.png', '1620130186ds.pdf', '16201301863.jpeg', '2021-04-14 22:55:35', '2021-05-04 06:39:46'),
(81, 12, 9, '6SR44/16', '3', '46.5', '6', '22', '380', '3Phase', '30', '141', 'null', '1618460755.png', '1620130235ds.pdf', '16201302353.jpeg', '2021-04-14 22:55:55', '2021-05-04 06:40:36'),
(82, 12, 9, '6SR44/21', '3', '63.5', '6', '30', '380', '3Phase', '40', '154.3', 'null', '1618460784.png', '1620130286ds.pdf', '16201302863.jpeg', '2021-04-14 22:56:24', '2021-05-04 06:41:26'),
(84, 12, 10, '4SD3/13', '1', '8.6', '4', '0.75', '110', '3Phase', '1', '12.9', 'null', '16200215381.jpeg', '0', '16200310493.jpeg', '2021-05-03 00:28:58', '2021-05-03 03:07:29'),
(85, 12, 10, '4SD3/22', '1', '8.3', '4', '1.5', '220', '3Phase', '2', '19', 'null', '16200318271.jpeg', '0', '16200318273.jpeg', '2021-05-03 03:20:27', '2021-05-03 03:20:27'),
(86, 12, 10, '4SD3/30', '1', '5', '4', '2.2', '380', '3Phase', '3', '25', 'null', '16200318951.jpeg', '0', '16200318953.jpeg', '2021-05-03 03:21:35', '2021-05-03 03:21:35'),
(87, 12, 10, '4SD3/40', '1', '7.1', '4', '3', '380', '3Phase', '4', '31.7', 'null', '16200319611.jpeg', '0', '16200319613.jpeg', '2021-05-03 03:22:41', '2021-05-03 03:22:41'),
(88, 12, 10, '4SD3/50', '1', '9', '4', '4', '380', '3Phase', '5.5', '38.2', 'null', '16200320531.jpeg', '0', '16200320533.jpeg', '2021-05-03 03:24:13', '2021-05-03 03:24:13'),
(89, 12, 10, '4SD4/10', '1.25', '8.6', '4', '0.75', '110', '3Phase', '1', '12.3', 'null', '16200321081.jpeg', '0', '16200321083.jpeg', '2021-05-03 03:25:08', '2021-05-03 03:25:08'),
(90, 12, 10, '4SD4/18', '1.25', '8.3', '4', '1.5', '220', '3Phase', '2', '18.1', 'null', '16200321621.jpeg', '0', '16200321623.jpeg', '2021-05-03 03:26:02', '2021-05-03 03:26:02'),
(91, 12, 10, '4SD4/24', '1.25', '5', '4', '2.2', '380', '3Phase', '3', '23.8', 'null', '16200322141.jpeg', '0', '16200322143.jpeg', '2021-05-03 03:26:54', '2021-05-03 03:26:54'),
(92, 12, 10, '4SD4/32', '1.25', '7.1', '4', '3', '380', '3Phase', '4', '30', 'null', '16200323311.jpeg', '0', '16200323313.jpeg', '2021-05-03 03:28:51', '2021-05-03 03:28:51'),
(93, 12, 10, '4SD4/40', '1.25', '9', '4', '4', '380', '3Phase', '5.5', '36.1', 'null', '16200329631.jpeg', '0', '16200329633.jpeg', '2021-05-03 03:39:23', '2021-05-03 03:39:23'),
(94, 12, 10, '4SD4/50', '1.25', '13', '4', '5.5', '380', '3Phase', '7.5', '43.1', 'null', '16200333421.jpeg', '0', '16200333423.jpeg', '2021-05-03 03:45:42', '2021-05-03 03:45:42'),
(95, 12, 10, '4SD6/8', '1.5', '8.6', '4', '0.75', '110', '3Phase', '1', '11.8', 'null', '16200334111.jpeg', '0', '16200334113.jpeg', '2021-05-03 03:46:51', '2021-05-03 03:46:51'),
(96, 12, 10, '4SD6/15', '1.5', '8.3', '4', '1.5', '220', '3Phase', '2', '17.3', 'null', '16200334661.jpeg', '0', '16200334663.jpeg', '2021-05-03 03:47:46', '2021-05-03 03:47:46'),
(97, 12, 10, '4SD6/20', '1.5', '5', '4', '2.2', '380', '3Phase', '3', '23', 'null', '16200335121.jpeg', '0', '16200335123.jpeg', '2021-05-03 03:48:32', '2021-05-03 03:48:32'),
(98, 12, 10, '4SD6/26', '1.5', '7.1', '4', '3', '380', '3Phase', '4', '28.8', 'null', '16200335501.jpeg', '0', '16200335503.jpeg', '2021-05-03 03:49:10', '2021-05-03 03:49:10'),
(99, 12, 10, '4SD6/34', '1.5', '9', '4', '4', '380', '3Phase', '5.5', '35', 'null', '16200336001.jpeg', '0', '16200336003.jpeg', '2021-05-03 03:49:40', '2021-05-03 03:50:00'),
(100, 12, 10, '4SD6/42', '1.5', '13', '4', '5.5', '380', '3Phase', '7.5', '41.6', 'null', '16200337911.jpeg', '0', '16200337913.jpeg', '2021-05-03 03:53:11', '2021-05-03 03:53:11'),
(101, 12, 10, '4SD6/52', '1.5', '17', '4', '7.5', '380', '3Phase', '11', '50.4', 'null', '16200339631.jpeg', '0', '16200339633.jpeg', '2021-05-03 03:56:03', '2021-05-03 03:56:03'),
(102, 12, 10, '4SD8/7', '2', '8.6', '4', '0.75', '110', '3Phase', '1', '11.6', 'null', '16200346891.jpeg', '0', '16200346893.jpeg', '2021-05-03 04:08:09', '2021-05-03 04:08:09'),
(103, 12, 10, '4SD8/12', '2', '8.3', '4', '1.5', '220', '3Phase', '2', '16.8', 'null', '16200347411.jpeg', '0', '16200347413.jpeg', '2021-05-03 04:09:01', '2021-05-03 04:09:01'),
(104, 12, 10, '4SD8/17', '2', '5', '4', '2.2', '380', '3Phase', '3', '22.3', 'null', '16200347821.jpeg', '0', '16200347823.jpeg', '2021-05-03 04:09:42', '2021-05-03 04:09:42'),
(105, 12, 10, '4SD8/23', '2', '7.1', '4', '3', '380', '3Phase', '4', '28.2', 'null', '16200348331.jpeg', '0', '16200348333.jpeg', '2021-05-03 04:10:33', '2021-05-03 04:10:33'),
(106, 12, 10, '4SD8/29', '2', '9', '4', '4', '380', '3Phase', '5.5', '33.8', 'null', '16200348851.jpeg', '0', '16200348853.jpeg', '2021-05-03 04:11:25', '2021-05-03 04:11:25'),
(107, 12, 10, '4SD8/37', '2', '13', '4', '5.5', '380', '3Phase', '7.5', '40.5', 'null', '16200349301.jpeg', '0', '16200349303.jpeg', '2021-05-03 04:12:10', '2021-05-03 04:12:10'),
(108, 12, 10, '4SD8/45', '2', '17', '4', '7.5', '380', '3Phase', '11', '48.9', 'null', '16200349891.jpeg', '0', '16200349893.jpeg', '2021-05-03 04:13:09', '2021-05-03 04:13:09'),
(109, 12, 10, '4SD10/5', '2', '8.6', '4', '0.75', '110', '3Phase', '1', '11', 'null', '16200350561.jpeg', '0', '16200350563.jpeg', '2021-05-03 04:14:16', '2021-05-03 04:14:16'),
(110, 12, 10, '4SD10/10', '2', '8.3', '4', '1.5', '220', '3Phase', '2', '16.2', 'null', '16200351041.jpeg', '0', '16200351043.jpeg', '2021-05-03 04:15:04', '2021-05-03 04:15:04'),
(111, 12, 10, '4SD10/14', '2', '5', '4', '2.2', '380', '3Phase', '3', '21.4', 'null', '16200351431.jpeg', '0', '16200351433.jpeg', '2021-05-03 04:15:43', '2021-05-03 04:15:43'),
(112, 12, 10, '4SD10/18', '2', '7.1', '4', '3', '380', '3Phase', '4', '26.7', 'null', '16200351891.jpeg', '0', '16200351893.jpeg', '2021-05-03 04:16:29', '2021-05-03 04:16:29'),
(113, 12, 10, '4SD10/22', '2', '9', '4', '4', '380', '3Phase', '5.5', '31.8', 'null', '16200353331.jpeg', '0', '16200353333.jpeg', '2021-05-03 04:18:53', '2021-05-03 04:18:53'),
(114, 12, 10, '4SD10/28', '2', '13', '4', '5.5', '380', '3Phase', '7.5', '37.8', 'null', '16200353681.jpeg', '0', '16200353683.jpeg', '2021-05-03 04:19:28', '2021-05-03 04:19:28'),
(115, 12, 10, '4SD10/36', '2', '17', '4', '7.5', '380', '3Phase', '11', '46.2', 'null', '16200354091.jpeg', '0', '16200354093.jpeg', '2021-05-03 04:20:09', '2021-05-03 04:20:09'),
(116, 12, 10, '4SD12/4', '2', '8.3', '4', '0.75', '110', '3Phase', '1', '11.1', 'null', '16200354561.jpeg', '0', '16200354563.jpeg', '2021-05-03 04:20:56', '2021-05-03 04:20:56'),
(117, 12, 10, '4SD12/8', '2', '8.3', '4', '1.5', '220', '3Phase', '2', '16.3', 'null', '16200355061.jpeg', '0', '16200355063.jpeg', '2021-05-03 04:21:26', '2021-05-03 04:21:46'),
(118, 12, 10, '4SD12/12', '2', '5', '4', '2.2', '380', '3Phase', '3', '21.8', 'null', '16200355541.jpeg', '0', '16200355543.jpeg', '2021-05-03 04:22:34', '2021-05-03 04:22:34'),
(119, 12, 10, '4SD12/16', '2', '7.1', '4', '3', '380', '3Phase', '4', '27.4', 'null', '16200355881.jpeg', '0', '16200355883.jpeg', '2021-05-03 04:23:08', '2021-05-03 04:23:08'),
(120, 12, 10, '4SD12/20', '2', '9', '4', '4', '380', '3Phase', '5.5', '32.9', 'null', '16200356231.jpeg', '0', '16200356233.jpeg', '2021-05-03 04:23:43', '2021-05-03 04:23:43'),
(121, 12, 10, '4SD12/26', '2', '13', '4', '5.5', '380', '3Phase', '7.5', '39.4', 'null', '16200356781.jpeg', '0', '16200356783.jpeg', '2021-05-03 04:24:38', '2021-05-03 04:24:38'),
(122, 12, 10, '4SD12/32', '2', '17', '4', '7.5', '380', '3Phase', '11', '47.7', 'null', '16200357121.jpeg', '0', '16200357123.jpeg', '2021-05-03 04:25:12', '2021-05-03 04:25:12'),
(123, 12, 10, '4SD16/6', '2', '8.3', '4', '1.5', '220', '3Phase', '2', '16', 'null', '16200357721.jpeg', '0', '16200357723.jpeg', '2021-05-03 04:26:12', '2021-05-03 04:26:12'),
(124, 12, 10, '4SD16/9', '2', '5', '4', '2.2', '380', '3Phase', '3', '21.3', 'null', '16200360011.jpeg', '0', '16200360013.jpeg', '2021-05-03 04:30:01', '2021-05-03 04:30:01'),
(125, 12, 10, '4SD16/12', '2', '7.1', '4', '3', '380', '3Phase', '4', '26.8', 'null', '16200361991.jpeg', '0', '16200361993.jpeg', '2021-05-03 04:33:19', '2021-05-03 04:33:19'),
(126, 12, 10, '4SD16/16', '2', '9', '4', '4', '380', '3Phase', '5.5', '32.5', 'null', '16200362361.jpeg', '0', '16200362363.jpeg', '2021-05-03 04:33:56', '2021-05-03 04:33:56'),
(127, 12, 10, '4SD16/20', '2', '13', '4', '5.5', '380', '3Phase', '7.5', '38.6', 'null', '16200362741.jpeg', '0', '16200362743.jpeg', '2021-05-03 04:34:34', '2021-05-03 04:34:34'),
(128, 12, 10, '4SD16/25', '2', '17', '4', '7.5', '380', '3Phase', '11', '46.8', 'null', '16200363151.jpeg', '0', '16200363153.jpeg', '2021-05-03 04:35:15', '2021-05-03 04:35:15'),
(129, 12, 10, '6SP17/3', '2.5', '8.3', '6', '1.5', '220', '3Phase', '2', '32', 'null', '16200386421.jpeg', '0', '16200386423.jpeg', '2021-05-03 05:14:02', '2021-05-03 05:14:02'),
(130, 12, 10, '6SP17/4', '2.5', '5', '6', '2.2', '380', '3Phase', '3', '42', 'null', '16200390861.jpeg', '0', '16200390863.jpeg', '2021-05-03 05:21:26', '2021-05-03 05:21:26'),
(131, 12, 10, '6SP17/5', '2.5', '7.1', '6', '3', '380', '3Phase', '4', '45.8', 'null', '16200391381.jpeg', '0', '16200391383.jpeg', '2021-05-03 05:22:18', '2021-05-03 05:22:18'),
(132, 12, 10, '6SP17/7', '2.5', '9', '6', '4', '380', '3Phase', '5.5', '51.8', 'null', '16200393751.jpeg', '0', '16200393753.jpeg', '2021-05-03 05:25:50', '2021-05-03 05:27:31'),
(133, 12, 10, '6SP17/9', '2.5', '13', '6', '5.5', '380', '3Phase', '7.5', '57.8', 'null', '16200394361.jpeg', '0', '16200394363.jpeg', '2021-05-03 05:27:16', '2021-05-03 05:27:16'),
(134, 12, 10, '6SP17/11', '2.5', '17', '6', '7.5', '380', '3Phase', '11', '64.8', 'null', '16200396131.jpeg', '0', '16200396133.jpeg', '2021-05-03 05:30:13', '2021-05-03 05:30:13'),
(135, 12, 10, '6SP17/17', '2.5', '25', '6', '11', '380', '3Phase', '15', '82.6', 'null', '16200396621.jpeg', '0', '16200396623.jpeg', '2021-05-03 05:31:02', '2021-05-03 05:31:02'),
(136, 12, 10, '6SP17/26', '2.5', '32', '6', '15', '380', '3Phase', '20', '105.5', 'null', '16200399251.jpeg', '0', '16200399253.jpeg', '2021-05-03 05:35:25', '2021-05-03 05:35:25'),
(137, 12, 10, '6SP17/35', '2.5', '45', '6', '22', '380', '3Phase', '30', '139.3', 'null', '16200400941.jpeg', '0', '16200400943.jpeg', '2021-05-03 05:38:14', '2021-05-03 05:38:14'),
(138, 12, 10, '6SP30/3', '3', '7.1', '6', '3', '380', '3Phase', '4', '44.7', 'null', '16200401461.jpeg', '0', '16200401463.jpeg', '2021-05-03 05:39:06', '2021-05-03 05:39:06'),
(139, 12, 10, '6SP30/4', '3', '9', '6', '4', '380', '3Phase', '5.5', '49.9', 'null', '16200401901.jpeg', '0', '16200401903.jpeg', '2021-05-03 05:39:50', '2021-05-03 05:39:50'),
(140, 12, 10, '6SP30/6', '3', '13', '6', '5.5', '380', '3Phase', '7.5', '56.9', 'null', '16200402351.jpeg', '0', '16200402353.jpeg', '2021-05-03 05:40:36', '2021-05-03 05:40:36'),
(141, 12, 10, '6SP30/8', '3', '17', '6', '7.5', '380', '3Phase', '11', '64.9', 'null', '16200402951.jpeg', '0', '16200402953.jpeg', '2021-05-03 05:41:35', '2021-05-03 05:41:35'),
(142, 12, 10, '6SP30/12', '3', '25', '6', '11', '380', '3Phase', '15', '83.4', 'null', '16200403331.jpeg', '0', '16200403333.jpeg', '2021-05-03 05:42:13', '2021-05-03 05:42:13'),
(143, 12, 10, '6SP30/16', '3', '32', '6', '15', '380', '3Phase', '20', '101.8', 'null', '16200403711.jpeg', '0', '16200403713.jpeg', '2021-05-03 05:42:51', '2021-05-03 05:42:51'),
(144, 12, 10, '6SP30/22', '3', '45', '6', '22', '380', '3Phase', '30', '134.7', 'null', '16200404091.jpeg', '0', '16200404093.jpeg', '2021-05-03 05:43:30', '2021-05-03 05:43:30'),
(145, 12, 10, '6SP30/32', '3', '60', '6', '30', '380', '3Phase', '40', '174.1', 'null', '16200404571.jpeg', '0', '16200404573.jpeg', '2021-05-03 05:44:17', '2021-05-03 05:44:17'),
(146, 12, 10, '6SP46/3', '4', '9', '6', '4', '380', '3Phase', '5.5', '50.2', 'null', '16200405011.jpeg', '0', '16200405013.jpeg', '2021-05-03 05:45:01', '2021-05-03 05:45:01'),
(147, 12, 10, '6SP46/4', '4', '13', '6', '5.5', '380', '3Phase', '7.5', '56.1', 'null', '16200405371.jpeg', '0', '16200405373.jpeg', '2021-05-03 05:45:37', '2021-05-03 05:45:37'),
(148, 12, 10, '6SP46/5', '4', '17', '6', '7.5', '380', '3Phase', '11', '63', 'null', '16200406051.jpeg', '0', '16200406053.jpeg', '2021-05-03 05:46:21', '2021-05-03 05:46:45'),
(149, 12, 10, '6SP46/7', '4', '25', '6', '11', '380', '3Phase', '15', '79.3', 'null', '16200406551.jpeg', '0', '16200406553.jpeg', '2021-05-03 05:47:35', '2021-05-03 05:47:35'),
(150, 12, 10, '6SP46/10', '4', '32', '6', '15', '380', '3Phase', '20', '98', 'null', '16200406951.jpeg', '0', '16200406953.jpeg', '2021-05-03 05:48:15', '2021-05-03 05:48:15'),
(151, 12, 10, '6SP46/13', '4', '45', '6', '22', '380', '3Phase', '30', '127.6', 'null', '16200407331.jpeg', '0', '16200407333.jpeg', '2021-05-03 05:48:53', '2021-05-03 05:48:53'),
(152, 12, 10, '6SP46/18', '4', '60', '6', '30', '380', '3Phase', '40', '166.5', 'null', '16200407931.jpeg', '0', '16200407933.jpeg', '2021-05-03 05:49:53', '2021-05-03 05:49:53'),
(153, 12, 10, '6SP60/3', '4', '13', '6', '5.5', '380', '3Phase', '7.5', '56.6', 'null', '16200408321.jpeg', '0', '16200408323.jpeg', '2021-05-03 05:50:32', '2021-05-03 05:50:32'),
(154, 12, 10, '6SP60/4', '4', '17', '6', '7.5', '380', '3Phase', '11', '64.5', 'null', '16200408721.jpeg', '0', '16200408723.jpeg', '2021-05-03 05:51:12', '2021-05-03 05:51:12'),
(155, 12, 10, '6SP60/6', '4', '25', '6', '11', '380', '3Phase', '15', '82.8', 'null', '16200409311.jpeg', '0', '16200409313.jpeg', '2021-05-03 05:52:11', '2021-05-03 05:52:11'),
(156, 12, 10, '6SP60/8', '4', '32', '6', '15', '380', '3Phase', '20', '101', 'null', '16200409761.jpeg', '0', '16200409763.jpeg', '2021-05-03 05:52:56', '2021-05-03 05:52:56'),
(157, 12, 10, '6SP60/11', '4', '45', '6', '22', '380', '3Phase', '30', '133.6', 'null', '16200410171.jpeg', '0', '16200410173.jpeg', '2021-05-03 05:53:37', '2021-05-03 05:53:37'),
(158, 12, 10, '6SP60/16', '4', '60', '6', '30', '380', '3Phase', '40', '172.5', 'null', '16200410761.jpeg', '0', '16200410763.jpeg', '2021-05-03 05:54:36', '2021-05-03 05:54:36');

-- --------------------------------------------------------

--
-- Table structure for table `solar_brands`
--

CREATE TABLE `solar_brands` (
  `id` bigint(20) UNSIGNED NOT NULL,
  `name` varchar(255) COLLATE utf8mb4_unicode_ci NOT NULL,
  `country` varchar(255) COLLATE utf8mb4_unicode_ci NOT NULL,
  `discription` varchar(255) COLLATE utf8mb4_unicode_ci NOT NULL,
  `image` varchar(255) COLLATE utf8mb4_unicode_ci NOT NULL,
  `created_at` timestamp NULL DEFAULT NULL,
  `updated_at` timestamp NULL DEFAULT NULL
) ENGINE=InnoDB DEFAULT CHARSET=utf8mb4 COLLATE=utf8mb4_unicode_ci;

--
-- Dumping data for table `solar_brands`
--

INSERT INTO `solar_brands` (`id`, `name`, `country`, `discription`, `image`, `created_at`, `updated_at`) VALUES
(5, 'TOMMATECH', 'Germany', 'German base co', '1618379281.png', '2021-04-14 00:18:01', '2021-04-14 00:18:01'),
(6, 'CW-Energy', 'Turkey', 'test', '1618379313.png', '2021-04-14 00:18:33', '2021-04-14 00:18:33'),
(7, 'PROPSOLAR', 'China', 'TEST', '1618379342.png', '2021-04-14 00:19:02', '2021-04-14 00:19:02');

-- --------------------------------------------------------

--
-- Table structure for table `solar_lists`
--

CREATE TABLE `solar_lists` (
  `id` bigint(20) UNSIGNED NOT NULL,
  `serial_no` int(11) NOT NULL,
  `solar_brand_id` bigint(20) UNSIGNED NOT NULL,
  `model` varchar(255) COLLATE utf8mb4_unicode_ci NOT NULL,
  `type` enum('Mono','Poly') COLLATE utf8mb4_unicode_ci NOT NULL DEFAULT 'Mono',
  `power` varchar(255) COLLATE utf8mb4_unicode_ci NOT NULL,
  `voltage` varchar(255) COLLATE utf8mb4_unicode_ci NOT NULL,
  `current` varchar(255) COLLATE utf8mb4_unicode_ci NOT NULL,
  `cable_type_id` bigint(20) UNSIGNED NOT NULL,
  `discription` varchar(255) COLLATE utf8mb4_unicode_ci DEFAULT NULL,
  `image` varchar(255) COLLATE utf8mb4_unicode_ci DEFAULT NULL,
  `data_sheet` varchar(255) COLLATE utf8mb4_unicode_ci DEFAULT '',
  `created_at` timestamp NULL DEFAULT NULL,
  `updated_at` timestamp NULL DEFAULT NULL
) ENGINE=InnoDB DEFAULT CHARSET=utf8mb4 COLLATE=utf8mb4_unicode_ci;

--
-- Dumping data for table `solar_lists`
--

INSERT INTO `solar_lists` (`id`, `serial_no`, `solar_brand_id`, `model`, `type`, `power`, `voltage`, `current`, `cable_type_id`, `discription`, `image`, `data_sheet`, `created_at`, `updated_at`) VALUES
(4, 11, 7, 'PS-660', 'Poly', '270.00', '37.9', '8.73', 43, 'null', '1618490938.png', '1620046388ds.pdf', '2021-04-15 07:18:59', '2021-05-03 07:23:08'),
(5, 11, 6, 'CWT270-60P', 'Poly', '270.00', '38.00', '8.71', 43, 'null', '1618566639.png', '1620046470ds.pdf', '2021-04-16 04:20:42', '2021-05-03 07:24:30'),
(7, 11, 5, 'TT270-60P', 'Poly', '270.00', '38.00', '8.71', 43, 'null', '1618566761.png', '1620046528ds.pdf', '2021-04-16 04:22:41', '2021-05-03 07:25:28');

-- --------------------------------------------------------

--
-- Table structure for table `uoms`
--

CREATE TABLE `uoms` (
  `id` bigint(20) UNSIGNED NOT NULL,
  `name` varchar(100) COLLATE utf8mb4_unicode_ci NOT NULL,
  `acronym` varchar(255) COLLATE utf8mb4_unicode_ci NOT NULL,
  `created_at` timestamp NULL DEFAULT NULL,
  `updated_at` timestamp NULL DEFAULT NULL
) ENGINE=InnoDB DEFAULT CHARSET=utf8mb4 COLLATE=utf8mb4_unicode_ci;

--
-- Dumping data for table `uoms`
--

INSERT INTO `uoms` (`id`, `name`, `acronym`, `created_at`, `updated_at`) VALUES
(1, 'Meter', 'm', NULL, NULL),
(2, 'Piece', 'pcs', NULL, NULL),
(3, 'Carton', 'crtn', NULL, NULL),
(4, 'Kilogram', 'kg', NULL, NULL),
(5, 'Box', 'Box', '2021-05-03 07:47:20', '2021-05-03 07:47:20'),
(6, 'Set', 'set', '2021-05-03 07:50:08', '2021-05-03 07:50:08'),
(7, 'Pairs', 'Pairs', '2021-05-03 08:01:03', '2021-05-03 08:01:03');

-- --------------------------------------------------------

--
-- Table structure for table `users`
--

CREATE TABLE `users` (
  `id` bigint(20) UNSIGNED NOT NULL,
  `system` tinyint(1) DEFAULT NULL,
  `name` varchar(255) COLLATE utf8mb4_unicode_ci NOT NULL,
  `companyname` varchar(255) COLLATE utf8mb4_unicode_ci NOT NULL,
  `email` varchar(255) COLLATE utf8mb4_unicode_ci NOT NULL,
  `password` varchar(255) COLLATE utf8mb4_unicode_ci NOT NULL,
  `phone` varchar(255) COLLATE utf8mb4_unicode_ci NOT NULL,
  `website` varchar(255) COLLATE utf8mb4_unicode_ci DEFAULT NULL,
  `status` varchar(255) COLLATE utf8mb4_unicode_ci NOT NULL,
  `expiration` int(11) NOT NULL,
  `userimage` varchar(255) COLLATE utf8mb4_unicode_ci NOT NULL,
  `geolocation_id` bigint(20) UNSIGNED DEFAULT NULL,
  `created_at` timestamp NULL DEFAULT NULL,
  `updated_at` timestamp NULL DEFAULT NULL
) ENGINE=InnoDB DEFAULT CHARSET=utf8mb4 COLLATE=utf8mb4_unicode_ci;

--
-- Dumping data for table `users`
--

INSERT INTO `users` (`id`, `system`, `name`, `companyname`, `email`, `password`, `phone`, `website`, `status`, `expiration`, `userimage`, `geolocation_id`, `created_at`, `updated_at`) VALUES
(1, 1, 'mahdi', 'naseri', 'mahdi@me.com', '$2y$10$p4msPF08kn34c0JOTY0nK.Z1.n/XU5IyjVXn498HGRMtEglsS970.', '0789939495', 'mahdi.com', 'male', 6, '1613384229.jpeg', 12, '2021-02-15 05:47:09', '2021-05-02 04:04:42'),
(2, 0, 'Wali', 'microsoft', 'wali@me.com', '$2y$10$woySV4B0j8fTXDcMeQ/lJ.BAgeON0QSd5XsWMM1IYx7v6AUsiKPK.', '0789654567', 'wali.com', 'male', 3, '1613469871.jpeg', NULL, '2021-02-16 05:34:32', '2021-02-16 05:34:32'),
(5, 0, 'karimi', 'tolosoft', 'kiarimi@gmail.com', '$2y$10$wxMhgOdd/LeNtFv9FwjR6OGzY8ZPKIUtj9enSUw0QQXaEo/GLfcge', '0789653421', 'karimi.com', 'male', 3, '1614748272.jpeg', NULL, '2021-03-03 00:41:13', '2021-03-03 00:41:13');

--
-- Indexes for dumped tables
--

--
-- Indexes for table `accessories_lists`
--
ALTER TABLE `accessories_lists`
  ADD PRIMARY KEY (`id`),
  ADD KEY `accessories_lists_accessories_type_id_foreign` (`accessories_type_id`),
  ADD KEY `accessories_lists_uom_id_foreign` (`uom_id`);

--
-- Indexes for table `accessories_types`
--
ALTER TABLE `accessories_types`
  ADD PRIMARY KEY (`id`);

--
-- Indexes for table `cable_types`
--
ALTER TABLE `cable_types`
  ADD PRIMARY KEY (`id`);

--
-- Indexes for table `config_invertors`
--
ALTER TABLE `config_invertors`
  ADD PRIMARY KEY (`id`),
  ADD KEY `config_invertors_invertor_list_id_foreign` (`invertor_list_id`);

--
-- Indexes for table `config_pumps`
--
ALTER TABLE `config_pumps`
  ADD PRIMARY KEY (`id`),
  ADD KEY `config_pumps_pump_list_id_foreign` (`pump_list_id`),
  ADD KEY `config_pumps_cable_type_id_foreign` (`cable_type_id`);

--
-- Indexes for table `config_solars`
--
ALTER TABLE `config_solars`
  ADD PRIMARY KEY (`id`),
  ADD KEY `config_solars_solar_list_id_foreign` (`solar_list_id`);

--
-- Indexes for table `failed_jobs`
--
ALTER TABLE `failed_jobs`
  ADD PRIMARY KEY (`id`),
  ADD UNIQUE KEY `failed_jobs_uuid_unique` (`uuid`);

--
-- Indexes for table `geolocations`
--
ALTER TABLE `geolocations`
  ADD PRIMARY KEY (`id`);

--
-- Indexes for table `invertor_brands`
--
ALTER TABLE `invertor_brands`
  ADD PRIMARY KEY (`id`);

--
-- Indexes for table `invertor_lists`
--
ALTER TABLE `invertor_lists`
  ADD PRIMARY KEY (`id`),
  ADD KEY `invertor_lists_invertor_brand_id_foreign` (`invertor_brand_id`);

--
-- Indexes for table `irradiations`
--
ALTER TABLE `irradiations`
  ADD PRIMARY KEY (`id`),
  ADD KEY `irradiations_geolocation_id_foreign` (`geolocation_id`),
  ADD KEY `irradiations_month_id_foreign` (`month_id`);

--
-- Indexes for table `migrations`
--
ALTER TABLE `migrations`
  ADD PRIMARY KEY (`id`);

--
-- Indexes for table `months`
--
ALTER TABLE `months`
  ADD PRIMARY KEY (`id`);

--
-- Indexes for table `oauth_access_tokens`
--
ALTER TABLE `oauth_access_tokens`
  ADD PRIMARY KEY (`id`),
  ADD KEY `oauth_access_tokens_user_id_index` (`user_id`);

--
-- Indexes for table `oauth_auth_codes`
--
ALTER TABLE `oauth_auth_codes`
  ADD PRIMARY KEY (`id`),
  ADD KEY `oauth_auth_codes_user_id_index` (`user_id`);

--
-- Indexes for table `oauth_clients`
--
ALTER TABLE `oauth_clients`
  ADD PRIMARY KEY (`id`),
  ADD KEY `oauth_clients_user_id_index` (`user_id`);

--
-- Indexes for table `oauth_personal_access_clients`
--
ALTER TABLE `oauth_personal_access_clients`
  ADD PRIMARY KEY (`id`);

--
-- Indexes for table `oauth_refresh_tokens`
--
ALTER TABLE `oauth_refresh_tokens`
  ADD PRIMARY KEY (`id`),
  ADD KEY `oauth_refresh_tokens_access_token_id_index` (`access_token_id`);

--
-- Indexes for table `password_resets`
--
ALTER TABLE `password_resets`
  ADD KEY `password_resets_email_index` (`email`);

--
-- Indexes for table `projects`
--
ALTER TABLE `projects`
  ADD PRIMARY KEY (`id`),
  ADD KEY `projects_city_id_foreign` (`city_id`),
  ADD KEY `projects_solar_brand_id_foreign` (`solar_brand_id`),
  ADD KEY `projects_pump_brand_id_foreign` (`pump_brand_id`),
  ADD KEY `projects_invertor_brand_id_foreign` (`invertor_brand_id`);

--
-- Indexes for table `project_accessories`
--
ALTER TABLE `project_accessories`
  ADD PRIMARY KEY (`id`),
  ADD KEY `project_accessories_accessories_id_foreign` (`accessories_id`),
  ADD KEY `project_accessories_project_id_foreign` (`project_id`);

--
-- Indexes for table `pump_brands`
--
ALTER TABLE `pump_brands`
  ADD PRIMARY KEY (`id`);

--
-- Indexes for table `pump_lists`
--
ALTER TABLE `pump_lists`
  ADD PRIMARY KEY (`id`),
  ADD KEY `pump_lists_pump_brand_id_foreign` (`pump_brand_id`);

--
-- Indexes for table `solar_brands`
--
ALTER TABLE `solar_brands`
  ADD PRIMARY KEY (`id`);

--
-- Indexes for table `solar_lists`
--
ALTER TABLE `solar_lists`
  ADD PRIMARY KEY (`id`),
  ADD KEY `solar_lists_solar_brand_id_foreign` (`solar_brand_id`),
  ADD KEY `solar_lists_cable_type_id_foreign` (`cable_type_id`);

--
-- Indexes for table `uoms`
--
ALTER TABLE `uoms`
  ADD PRIMARY KEY (`id`);

--
-- Indexes for table `users`
--
ALTER TABLE `users`
  ADD PRIMARY KEY (`id`),
  ADD UNIQUE KEY `users_email_unique` (`email`),
  ADD KEY `users_geolocation_id_foreign` (`geolocation_id`);

--
-- AUTO_INCREMENT for dumped tables
--

--
-- AUTO_INCREMENT for table `accessories_lists`
--
ALTER TABLE `accessories_lists`
  MODIFY `id` bigint(20) UNSIGNED NOT NULL AUTO_INCREMENT, AUTO_INCREMENT=35;

--
-- AUTO_INCREMENT for table `accessories_types`
--
ALTER TABLE `accessories_types`
  MODIFY `id` bigint(20) UNSIGNED NOT NULL AUTO_INCREMENT, AUTO_INCREMENT=13;

--
-- AUTO_INCREMENT for table `cable_types`
--
ALTER TABLE `cable_types`
  MODIFY `id` bigint(20) UNSIGNED NOT NULL AUTO_INCREMENT, AUTO_INCREMENT=45;

--
-- AUTO_INCREMENT for table `config_invertors`
--
ALTER TABLE `config_invertors`
  MODIFY `id` bigint(20) UNSIGNED NOT NULL AUTO_INCREMENT, AUTO_INCREMENT=10;

--
-- AUTO_INCREMENT for table `config_pumps`
--
ALTER TABLE `config_pumps`
  MODIFY `id` bigint(20) UNSIGNED NOT NULL AUTO_INCREMENT, AUTO_INCREMENT=493;

--
-- AUTO_INCREMENT for table `config_solars`
--
ALTER TABLE `config_solars`
  MODIFY `id` bigint(20) UNSIGNED NOT NULL AUTO_INCREMENT, AUTO_INCREMENT=214;

--
-- AUTO_INCREMENT for table `failed_jobs`
--
ALTER TABLE `failed_jobs`
  MODIFY `id` bigint(20) UNSIGNED NOT NULL AUTO_INCREMENT;

--
-- AUTO_INCREMENT for table `geolocations`
--
ALTER TABLE `geolocations`
  MODIFY `id` bigint(20) UNSIGNED NOT NULL AUTO_INCREMENT, AUTO_INCREMENT=46;

--
-- AUTO_INCREMENT for table `invertor_brands`
--
ALTER TABLE `invertor_brands`
  MODIFY `id` bigint(20) UNSIGNED NOT NULL AUTO_INCREMENT, AUTO_INCREMENT=6;

--
-- AUTO_INCREMENT for table `invertor_lists`
--
ALTER TABLE `invertor_lists`
  MODIFY `id` bigint(20) UNSIGNED NOT NULL AUTO_INCREMENT, AUTO_INCREMENT=2;

--
-- AUTO_INCREMENT for table `irradiations`
--
ALTER TABLE `irradiations`
  MODIFY `id` bigint(20) UNSIGNED NOT NULL AUTO_INCREMENT, AUTO_INCREMENT=469;

--
-- AUTO_INCREMENT for table `migrations`
--
ALTER TABLE `migrations`
  MODIFY `id` int(10) UNSIGNED NOT NULL AUTO_INCREMENT, AUTO_INCREMENT=35;

--
-- AUTO_INCREMENT for table `months`
--
ALTER TABLE `months`
  MODIFY `id` bigint(20) UNSIGNED NOT NULL AUTO_INCREMENT, AUTO_INCREMENT=13;

--
-- AUTO_INCREMENT for table `oauth_clients`
--
ALTER TABLE `oauth_clients`
  MODIFY `id` bigint(20) UNSIGNED NOT NULL AUTO_INCREMENT, AUTO_INCREMENT=3;

--
-- AUTO_INCREMENT for table `oauth_personal_access_clients`
--
ALTER TABLE `oauth_personal_access_clients`
  MODIFY `id` bigint(20) UNSIGNED NOT NULL AUTO_INCREMENT, AUTO_INCREMENT=2;

--
-- AUTO_INCREMENT for table `projects`
--
ALTER TABLE `projects`
  MODIFY `id` bigint(20) UNSIGNED NOT NULL AUTO_INCREMENT;

--
-- AUTO_INCREMENT for table `project_accessories`
--
ALTER TABLE `project_accessories`
  MODIFY `id` bigint(20) UNSIGNED NOT NULL AUTO_INCREMENT;

--
-- AUTO_INCREMENT for table `pump_brands`
--
ALTER TABLE `pump_brands`
  MODIFY `id` bigint(20) UNSIGNED NOT NULL AUTO_INCREMENT, AUTO_INCREMENT=11;

--
-- AUTO_INCREMENT for table `pump_lists`
--
ALTER TABLE `pump_lists`
  MODIFY `id` bigint(20) UNSIGNED NOT NULL AUTO_INCREMENT, AUTO_INCREMENT=159;

--
-- AUTO_INCREMENT for table `solar_brands`
--
ALTER TABLE `solar_brands`
  MODIFY `id` bigint(20) UNSIGNED NOT NULL AUTO_INCREMENT, AUTO_INCREMENT=8;

--
-- AUTO_INCREMENT for table `solar_lists`
--
ALTER TABLE `solar_lists`
  MODIFY `id` bigint(20) UNSIGNED NOT NULL AUTO_INCREMENT, AUTO_INCREMENT=8;

--
-- AUTO_INCREMENT for table `uoms`
--
ALTER TABLE `uoms`
  MODIFY `id` bigint(20) UNSIGNED NOT NULL AUTO_INCREMENT, AUTO_INCREMENT=8;

--
-- AUTO_INCREMENT for table `users`
--
ALTER TABLE `users`
  MODIFY `id` bigint(20) UNSIGNED NOT NULL AUTO_INCREMENT, AUTO_INCREMENT=9;

--
-- Constraints for dumped tables
--

--
-- Constraints for table `accessories_lists`
--
ALTER TABLE `accessories_lists`
  ADD CONSTRAINT `accessories_lists_accessories_type_id_foreign` FOREIGN KEY (`accessories_type_id`) REFERENCES `accessories_types` (`id`) ON DELETE CASCADE,
  ADD CONSTRAINT `accessories_lists_uom_id_foreign` FOREIGN KEY (`uom_id`) REFERENCES `uoms` (`id`) ON DELETE CASCADE;

--
-- Constraints for table `config_invertors`
--
ALTER TABLE `config_invertors`
  ADD CONSTRAINT `config_invertors_ibfk_1` FOREIGN KEY (`invertor_list_id`) REFERENCES `invertor_lists` (`id`) ON DELETE CASCADE;

--
-- Constraints for table `config_pumps`
--
ALTER TABLE `config_pumps`
  ADD CONSTRAINT `config_pumps_cable_type_id_foreign` FOREIGN KEY (`cable_type_id`) REFERENCES `cable_types` (`id`) ON DELETE CASCADE,
  ADD CONSTRAINT `config_pumps_pump_list_id_foreign` FOREIGN KEY (`pump_list_id`) REFERENCES `pump_lists` (`id`) ON DELETE CASCADE;

--
-- Constraints for table `config_solars`
--
ALTER TABLE `config_solars`
  ADD CONSTRAINT `config_solars_solar_list_id_foreign` FOREIGN KEY (`solar_list_id`) REFERENCES `solar_lists` (`id`) ON DELETE CASCADE;

--
-- Constraints for table `invertor_lists`
--
ALTER TABLE `invertor_lists`
  ADD CONSTRAINT `invertor_lists_invertor_brand_id_foreign` FOREIGN KEY (`invertor_brand_id`) REFERENCES `invertor_brands` (`id`) ON DELETE CASCADE;

--
-- Constraints for table `irradiations`
--
ALTER TABLE `irradiations`
  ADD CONSTRAINT `irradiations_geolocation_id_foreign` FOREIGN KEY (`geolocation_id`) REFERENCES `geolocations` (`id`) ON DELETE CASCADE,
  ADD CONSTRAINT `irradiations_month_id_foreign` FOREIGN KEY (`month_id`) REFERENCES `months` (`id`) ON DELETE CASCADE;

--
-- Constraints for table `projects`
--
ALTER TABLE `projects`
  ADD CONSTRAINT `projects_city_id_foreign` FOREIGN KEY (`city_id`) REFERENCES `geolocations` (`id`),
  ADD CONSTRAINT `projects_invertor_brand_id_foreign` FOREIGN KEY (`invertor_brand_id`) REFERENCES `invertor_brands` (`id`),
  ADD CONSTRAINT `projects_pump_brand_id_foreign` FOREIGN KEY (`pump_brand_id`) REFERENCES `pump_brands` (`id`),
  ADD CONSTRAINT `projects_solar_brand_id_foreign` FOREIGN KEY (`solar_brand_id`) REFERENCES `solar_brands` (`id`);

--
-- Constraints for table `project_accessories`
--
ALTER TABLE `project_accessories`
  ADD CONSTRAINT `project_accessories_accessories_id_foreign` FOREIGN KEY (`accessories_id`) REFERENCES `accessories_lists` (`id`),
  ADD CONSTRAINT `project_accessories_project_id_foreign` FOREIGN KEY (`project_id`) REFERENCES `projects` (`id`) ON DELETE CASCADE;

--
-- Constraints for table `pump_lists`
--
ALTER TABLE `pump_lists`
  ADD CONSTRAINT `pump_lists_pump_brand_id_foreign` FOREIGN KEY (`pump_brand_id`) REFERENCES `pump_brands` (`id`) ON DELETE CASCADE;

--
-- Constraints for table `solar_lists`
--
ALTER TABLE `solar_lists`
  ADD CONSTRAINT `solar_lists_cable_type_id_foreign` FOREIGN KEY (`cable_type_id`) REFERENCES `cable_types` (`id`) ON DELETE CASCADE,
  ADD CONSTRAINT `solar_lists_solar_brand_id_foreign` FOREIGN KEY (`solar_brand_id`) REFERENCES `solar_brands` (`id`) ON DELETE CASCADE;

--
-- Constraints for table `users`
--
ALTER TABLE `users`
  ADD CONSTRAINT `users_ibfk_1` FOREIGN KEY (`geolocation_id`) REFERENCES `geolocations` (`id`) ON DELETE CASCADE;
COMMIT;

/*!40101 SET CHARACTER_SET_CLIENT=@OLD_CHARACTER_SET_CLIENT */;
/*!40101 SET CHARACTER_SET_RESULTS=@OLD_CHARACTER_SET_RESULTS */;
/*!40101 SET COLLATION_CONNECTION=@OLD_COLLATION_CONNECTION */;
